Title,Company,Location,Created,Category,Description,URL,Latitude,Longitude,Best Job Role
Senior Engineer - Product Design,Emerson,"Pune, Maharashtra",2025-07-04T02:08:00Z,Engineering Jobs,"Job Summary We are seeking a skilled Product Design Engineer to join our dynamic Engineering team. You will be responsible for product design, Engineering calculations, DMFEA, Engineering deliverables and Model & drawing creation. In This Role, Your Responsibilities Will Be: - Understand Project / Work Scope, plan and deliver quality output / deliverables to meet the expected schedule and timeline - Design & Engineering changes - Work on selected design projects as a member. - Review drawings G…",https://www.adzuna.in/land/ad/5282450267?se=tn4kR4xo8BGH_oIPd-oBSg&utm_medium=api&utm_source=c8890522&v=56DE426D4758579C9EFFCC63A423A181E4B0E052,18.5062,73.84735,Product Designer – Power Quality Monitoring Devices
Engineer I - Product Design,Emerson,"Pune, Maharashtra",2025-07-05T02:14:59Z,Engineering Jobs,"Job Summary This role will be responsible for supporting and reviewing engineering changes or modifications related to product structure, standardization, and product orderability. Identify areas to automate manual efforts to increase productivity, quality using SolidWorks & other tools Who You Are: You must be committed to self-development means you must look for ways to build skills that you will need in the future. You must learn and grow from experience. Opportunities will be available and …",https://www.adzuna.in/land/ad/5285821707?se=tn4kR4xo8BGH_oIPd-oBSg&utm_medium=api&utm_source=c8890522&v=A5B9B19810626C025FA3CA67E5921C2B885F0C52,18.5062,73.84735,Product Designer – Power Quality Monitoring Devices
Sr. Test Engineer (Hardware Product Designing),TE Connectivity,"Bangalore, Karnataka",2025-07-16T10:40:17Z,Engineering Jobs,"Sr. Test Engineer (Hardware Product Designing) At TE, you will unleash your potential working with people from diverse backgrounds and industries to create a safer, sustainable and more connected world. Job Overview TE Connectivity's Quality and Reliability Engineering Teams analyze the ability of product and production systems to comply with customer and contractual requirements through established reliability factors. They design, recommend revisions and install quality control systems, devel…",https://www.adzuna.in/land/ad/5305892805?se=tn4kR4xo8BGH_oIPd-oBSg&utm_medium=api&utm_source=c8890522&v=528ADA2BB53CD8EF328D90FA0FD4676F314330BA,12.95703,77.59837,Product Designer – Power Quality Monitoring Devices
Product Designer,ABL EDUCATION,"Noida, Ghaziabad",2025-07-20T07:58:22Z,Engineering Jobs,"We are looking for a highly creative and technically skilled Product Designer with a strong background in designing educational kits for the EdTech industry, particularly those involving robotics kits built using metallic and mechanical components. The ideal candidate should be passionate about hands-on STEM learning and capable of translating complex concepts into intuitive, durable, and learner-friendly product designs. Key Responsibilities: Design and develop metallic and mechanical part-bas…",https://www.adzuna.in/details/5313129571?utm_medium=api&utm_source=c8890522,28.56579,77.3225,Product Development Engineer – Wearable Biomedical Devices
Product Development Engineer,Continental,"Sonipat, Haryana",2025-07-16T10:38:13Z,Engineering Jobs,"ContiTech India Private Limited is a part of Industrial Solution IAPAC of ContiTech AG, which in turn is part of holding company Continental Corporation, Germany. The company was incorporated on 05th November 1992. The registered office is located in New Delhi and the plant is located at Village Badkhalsa, Sonepat, Haryana. Our company is a global leader in the processing of technical rubber and plastics and offers a wide range of innovative and precise products.The company in Sonipat It has ar…",https://www.adzuna.in/land/ad/5305889312?se=Ylf2Soxo8BGH_oIPd-oBSg&utm_medium=api&utm_source=c8890522&v=5D091B5408A4945D7A6D410AD0B48436990441ED,29.00535,76.99434,Product Designer – Industrial Automation Controllers
Product Development Engineer,Curefit,"Ludhiana, Punjab",2025-07-02T22:11:17Z,Engineering Jobs,Curefit Healthcare Pvt Ltd founded in 2016 is Indias largest fitness company and wellness platform Cult from the house of Curefit was established with a mission to make fitness easy fun and accessible to everyone and has emerged as a community celebrating the joy of fitness The brand today offers a range of fitness services ranging from group workouts gyms and personalized fitness solutions as well as an expansive selection of quality fitness products for the everyday athlete The companys visio…,https://www.adzuna.in/details/5280253072?utm_medium=api&utm_source=c8890522,30.87515,76.0744,Product Designer – Power Quality Monitoring Devices
Product Development Engineer,Curefit,"Ludhiana, Punjab",2025-06-28T07:02:28Z,Engineering Jobs,"Curefit Healthcare Pvt Ltd, founded in 2016, is India’s largest fitness company and wellness platform. Cult, from the house of Curefit, was established with a mission to make fitness easy, fun and accessible to everyone, and has emerged as a community celebrating the joy of fitness. The brand today offers a range of fitness services ranging from group workouts, gyms and personalized fitness solutions, as well as an expansive selection of quality fitness products for the everyday athlete. The co…",https://www.adzuna.in/details/5272411296?utm_medium=api&utm_source=c8890522,30.87515,76.0744,Product Designer – Power Quality Monitoring Devices
Product Development Engineer,SPX FLOW,India,2025-07-01T16:20:53Z,Engineering Jobs,"Position Title- Product Development Engineer Location -Pune GENERAL SUMMARY Responsible for mechanical design, validation & documentation during new product development. Specifies precise new product functional requirements; designs, tests and integrates components to produce final designs; and evaluates the design's overall effectiveness, cost, reliability, and safety. Creates and reviews material part specifications and bills of materials. Collaborates with internal manufacturing partners, co…",https://www.adzuna.in/details/5277208472?utm_medium=api&utm_source=c8890522,22.3511148,78.6677428,Product Designer – Railway Safety Controllers
Product Development Engineer,Ksb Tech,"Pune, Maharashtra",2025-07-17T02:31:12Z,Engineering Jobs,"1. Execution of technical studies, calculations, value engineering etc 2. Design & development of new products 3. Providing 3D CAD models, technical drawings, documentation (e.g. TIB), and specifications for foundry, procurement, manufacturing, and sales. 4. Processing of offer permit request 5. Preparing all technical inputs for Parts list, and maintaining them for respective sizes and their variants. 6. Supporting other departments like Product Management, Sales, Manufacturing, Purchase, in c…",https://www.adzuna.in/details/5307274997?utm_medium=api&utm_source=c8890522,18.5062,73.84735,Product Designer – Battery Management Systems
Engineer II Product Development,Copeland,"Pune, Maharashtra",2025-07-18T11:43:57Z,Engineering Jobs,"About Us We are a global climate technologies company engineered for sustainability. We create sustainable and efficient residential, commercial and industrial spaces through HVACR technologies. We protect temperature-sensitive goods throughout the cold chain. And we bring comfort to people globally. Best-in-class engineering, design and manufacturing combined with category-leading brands in compression, controls, software and monitoring solutions result in next-generation climate technology th…",https://www.adzuna.in/land/ad/5309606843?se=Ylf2Soxo8BGH_oIPd-oBSg&utm_medium=api&utm_source=c8890522&v=9DB09BD919446F0A9DBC88C4DC33D6B7D08EB4A3,18.5062,73.84735,Product Designer – Industrial Automation Controllers
Senior Product Development Engineer,Ksb Tech,"Pune, Maharashtra",2025-07-13T02:25:55Z,Engineering Jobs,"Coordinate with manufacturing plants for product development Prepare/ Review / verify Design calculations, and provide inputs to Assistant Design Engineers & CAD Engineers. Receive, analyse & comment on inputs / suggestions received from manufacturing plants. Release final drawing / design to manufacturing plants. Maintain Quality Records and Schedule / Budget records for given projects. Ensure compliance of products with design standards / codes. Perform following activities under guidance: Co…",https://www.adzuna.in/details/5300192952?utm_medium=api&utm_source=c8890522,18.5062,73.84735,Product Designer – Power Quality Monitoring Devices
New Product Development Engineer,Vir Innovations Pvt. Ltd.,"Hyderabad, Telangana",2025-07-20T07:58:59Z,Engineering Jobs,"Position: Senior Mechanical Engineer – NPD Work experience: 5 years Location: Hyderabad (Balanagar area) Job type: Full-time, Permanent, On-site About Vir Innovations Pvt. Ltd. We are a product development company headquartered in Hyderabad, specializing in defence technology and the Internet of Things (IoT). Our primary focus is on developing advanced systems in the fields of computer vision, robotics, and fire control systems. Our objective is to create products that are innovative and can ma…",https://www.adzuna.in/details/5313132668?utm_medium=api&utm_source=c8890522,17.40275,78.50806,Product Designer – IoT Devices
Team Leader - Product Development Engineering,MillerKnoll,India,2025-07-23T02:37:07Z,Engineering Jobs,"Why join us? Our purpose is to design for the good of humankind. It’s the ideal we strive toward each day in everything we do. Being a part of MillerKnoll means being a part of something larger than your work team, or even your brand. We are redefining modern for the 21st century. And our success allows MillerKnoll to support causes that align with our values, so we can build a more sustainable, equitable, and beautiful future for everyone. Title - India Team Leader - Product Development Engine…",https://www.adzuna.in/details/5317133464?utm_medium=api&utm_source=c8890522,22.3511148,78.6677428,Product Development Engineer – Wearable Biomedical Devices
Electronics Product Development Engineer (Robotics & Educational Toys),LearningBIX,"Jaipur, Rajasthan",2025-07-14T09:35:23Z,Engineering Jobs,"Job Summary: We are looking for an experienced Electronics Engineer (Exp: 2 Years) to join our team and contribute to the design and development of robotics kits. The ideal candidate will have a strong background in microcontrollers and PCB designing, as well as experience in robotics or related fields. The successful candidate will be responsible for designing and developing robotics kits, from concept to production, and will work closely with the engineering team to ensure the final product m…",https://www.adzuna.in/details/5301588006?utm_medium=api&utm_source=c8890522,26.7441,75.9469,Product Designer – Consumer Electronics
SR R&D/PRODUCT DVL ENGINEER,TE Connectivity,"Bangalore, Karnataka",2025-07-05T02:26:07Z,Engineering Jobs,"SR R&D/PRODUCT DVL ENGINEER At TE, you will unleash your potential working with people from diverse backgrounds and industries to create a safer, sustainable and more connected world. Job Overview TE Connectivity's R&D/Product Development Engineering Teams conceive original ideas for new products, introduce them into practice. They are responsible for product development, and qualification from market definition through production and release; assist in the qualification of suppliers for new pr…",https://www.adzuna.in/land/ad/5285833417?se=Ylf2Soxo8BGH_oIPd-oBSg&utm_medium=api&utm_source=c8890522&v=C3E447755319C1AF1AEDB39BA7DE97727B36D404,12.95703,77.59837,Product Development Engineer – Wearable Biomedical Devices
SR R&D/PRODUCT DVL ENGINEER,TE Connectivity,"Bangalore, Karnataka",2025-07-19T11:46:14Z,Engineering Jobs,"SR R&D/PRODUCT DVL ENGINEER At TE, you will unleash your potential working with people from diverse backgrounds and industries to create a safer, sustainable and more connected world. Required Skills EDUCATION & CRITICAL EXPERIENCE - Mechanical or equivalent Engineering Degree with minimum 7 years & max 10 years of related product (Automotive Connectors) development experience. - Experience with product design of high-voltage, Low Voltage & Data connectors - Knowledge in product design of plast…",https://www.adzuna.in/land/ad/5311788651?se=lPJ2Uoxo8BGUrrSYvW0dZg&utm_medium=api&utm_source=c8890522&v=FEDC6E5138E3235753D825FE06A0D7F1C3BE017B,12.95703,77.59837,Product Designer – High-Altitude Defense Electronics
Manager Test & Validation- Hardware Testing,TE Connectivity,"Bangalore, Karnataka",2025-07-16T10:40:18Z,Engineering Jobs,"Manager Test & Validation- Hardware Testing At TE, you will unleash your potential working with people from diverse backgrounds and industries to create a safer, sustainable and more connected world. Job Overview TE Connectivity's R&D/Product Development Engineering Teams conceive original ideas for new products, introduce them into practice. They are responsible for product development, and qualification from market definition through production and release; assist in the qualification of supp…",https://www.adzuna.in/land/ad/5305892907?se=lPJ2Uoxo8BGUrrSYvW0dZg&utm_medium=api&utm_source=c8890522&v=B3631B09551C46010679337149F5DC027B0102BC,12.95703,77.59837,Product Development Engineer – Wearable Biomedical Devices
R&D/PRODUCT DVL ENGINEER II,TE Connectivity,"Bangalore, Karnataka",2025-07-17T10:39:21Z,Engineering Jobs,"R&D/PRODUCT DVL ENGINEER II At TE, you will unleash your potential working with people from diverse backgrounds and industries to create a safer, sustainable and more connected world. Job Overview TE Connectivity's R&D/Product Development Engineering Teams conceive original ideas for new products, introduce them into practice. Overall objective is to perform principle key simulations for new or existing products during the product development process of electromechanical relays. Additionally, s…",https://www.adzuna.in/land/ad/5307823176?se=lPJ2Uoxo8BGUrrSYvW0dZg&utm_medium=api&utm_source=c8890522&v=B5152CA4ECB36665F782363B3EECD142411AC619,12.95703,77.59837,Product Development Engineer – Wearable Biomedical Devices
STAFF R&D/PRODUCT DVL ENGINEER,TE Connectivity,"Bangalore, Karnataka",2025-07-20T12:04:02Z,Engineering Jobs,"STAFF R&D/PRODUCT DVL ENGINEER At TE, you will unleash your potential working with people from diverse backgrounds and industries to create a safer, sustainable and more connected world. Job Overview TE Connectivity's R&D/Product Development Engineering Teams conceive original ideas for new products, introduce them into practice. They are responsible for product development, and qualification from market definition through production and release; assist in the qualification of suppliers for new…",https://www.adzuna.in/land/ad/5313262825?se=lPJ2Uoxo8BGUrrSYvW0dZg&utm_medium=api&utm_source=c8890522&v=C21E9FCF34572F38CEFD72165C6692439C2F582A,12.95703,77.59837,Product Development Engineer – Wearable Biomedical Devices
Industry Consultant-Consulting Services,IBM,"Mumbai, Maharashtra",2025-07-13T10:38:22Z,Engineering Jobs,"Introduction In this role, you'll work in one of our IBM Consulting Client Innovation Centers (Delivery Centers), where we deliver deep technical and industry expertise to a wide range of public and private sector clients around the world. Our delivery centers offer our clients locally based skills and technical expertise to drive innovation and adoption of new technology. Your role and responsibilities - Advanced Packaging SME - Overall 15 plus years of Industry experience (Electronics/Semicon…",https://www.adzuna.in/land/ad/5300568070?se=lPJ2Uoxo8BGUrrSYvW0dZg&utm_medium=api&utm_source=c8890522&v=2455E3064AFF2703782DFB9873A5E70B41B7F328,19.00821,72.84415,Product Designer – Consumer Electronics
Industry Consultant-Consulting Services,IBM,"Hyderabad, Telangana",2025-07-11T04:05:22Z,Engineering Jobs,"Introduction In this role, you'll work in one of our IBM Consulting Client Innovation Centers (Delivery Centers), where we deliver deep technical and industry expertise to a wide range of public and private sector clients around the world. Our delivery centers offer our clients locally based skills and technical expertise to drive innovation and adoption of new technology. Your role and responsibilities - Advanced Packaging SME - Overall 15 plus years of Industry experience (Electronics/Semicon…",https://www.adzuna.in/land/ad/5296919343?se=lPJ2Uoxo8BGUrrSYvW0dZg&utm_medium=api&utm_source=c8890522&v=6DA42CC3B6139114CC41A832423F8E497E834AAD,17.40275,78.50806,Product Designer – Consumer Electronics
Industry Consultant-Consulting Services,IBM,"Bangalore, Karnataka",2025-06-27T23:44:11Z,Engineering Jobs,"Introduction In this role, you'll work in one of our IBM Consulting Client Innovation Centers (Delivery Centers), where we deliver deep technical and industry expertise to a wide range of public and private sector clients around the world. Our delivery centers offer our clients locally based skills and technical expertise to drive innovation and adoption of new technology Your role and responsibilities - Advanced Packaging SME - Overall 15 plus years of Industry experience (Electronics/Semicond…",https://www.adzuna.in/land/ad/5271867140?se=lPJ2Uoxo8BGUrrSYvW0dZg&utm_medium=api&utm_source=c8890522&v=DB5BAA20DB66CCFE3AD8E92A7D668EBAF34D47CF,12.95703,77.59837,Product Designer – Consumer Electronics
SR MGR QLTY & RELIABILITY ENGINEERING,TE Connectivity,"Bangalore, Karnataka",2025-06-26T23:41:36Z,Engineering Jobs,"SR MGR QLTY & RELIABILITY ENGINEERING At TE, you will unleash your potential working with people from diverse backgrounds and industries to create a safer, sustainable and more connected world. Job Overview The Global Reliability & Testing (R&T) COE Leader will have global responsibility for developing and driving standardized Design for Reliability Engineering (DfRE) and Robustness Validation (RV) Methodologies for all DDN Product Lines. He/she will also have responsibility for developing cust…",https://www.adzuna.in/land/ad/5269970183?se=lPJ2Uoxo8BGUrrSYvW0dZg&utm_medium=api&utm_source=c8890522&v=1368636E4225938410DDC93619C97CF46F27D20C,12.95703,77.59837,Product Development Engineer – Wearable Biomedical Devices
MGR II - Hardware Engineering,TE Connectivity,"Bangalore, Karnataka",2025-07-13T10:39:27Z,Engineering Jobs,"MGR II - Hardware Engineering At TE, you will unleash your potential working with people from diverse backgrounds and industries to create a safer, sustainable and more connected world. Job Overview TE Connectivity's Data & Devices (D&D) business unit is driving innovation in an increasingly connected world. From consumer electronics to high-performance datacenters, we support cutting-edge technologies by delivering agile, iterative, and responsive engineering solutions. Our products power the …",https://www.adzuna.in/land/ad/5300569400?se=lPJ2Uoxo8BGUrrSYvW0dZg&utm_medium=api&utm_source=c8890522&v=677FD49CBC7B9E641972DEC5CFDC6F3526C10DA5,12.95703,77.59837,Product Designer – Consumer Electronics
Advanced Application Engr,Honeywell,"Bangalore, Karnataka",2025-06-26T23:40:22Z,Engineering Jobs,"The primary purpose of this position is to deliver superior customer satisfaction with the HPS Technical Support response, communication, and resolution of customer cases for the HPS System and Infrastructure line of business. The GTAC engineer works in a global team, providing support for a defined set of products/technologies. Works closely with peer colleagues globally to solve technical problems. Visit customer locations may be required for critical site investigations. - Ability to deliver…",https://www.adzuna.in/land/ad/5269940862?se=lPJ2Uoxo8BGUrrSYvW0dZg&utm_medium=api&utm_source=c8890522&v=B6A6638DF33ABFEC1D299A0990CB8AC51F83C7E9,12.95703,77.59837,Product Development Engineer – Defense Communication Systems
Lead PCB CAM/CAD Validation Engineer,TE Connectivity,"Bangalore, Karnataka",2025-07-03T01:49:12Z,Engineering Jobs,"Lead PCB CAM/CAD Validation Engineer At TE, you will unleash your potential working with people from diverse backgrounds and industries to create a safer, sustainable and more connected world. Job Overview TE Connectivity's R&D/Product Development Engineering Teams conceive original ideas for new products, introduce them into practice. PCB CAM engineer is scalable to contribute individually. He/she is responsible for delivering the project with zero DFM's for manufacturing. Stackup analysis, ro…",https://www.adzuna.in/land/ad/5280449811?se=lPJ2Uoxo8BGUrrSYvW0dZg&utm_medium=api&utm_source=c8890522&v=25D7A0BE142294949D73177B8B7BE62CF1DE2589,12.95703,77.59837,Product Development Engineer – Wearable Biomedical Devices
Engineer II Product Development,Copeland,"Pune, Maharashtra",2025-07-20T02:43:03Z,Engineering Jobs,"About Us We are a global climate technologies company engineered for sustainability. We create sustainable and efficient residential, commercial and industrial spaces through HVACR technologies. We protect temperature-sensitive goods throughout the cold chain. And we bring comfort to people globally. Best-in-class engineering, design and manufacturing combined with category-leading brands in compression, controls, software and monitoring solutions result in next-generation climate technology th…",https://www.adzuna.in/details/5312895965?utm_medium=api&utm_source=c8890522,18.5062,73.84735,Product Designer – Industrial Automation Controllers
Lead Engineer - Engineering Information Management,Eaton Corporation,"Hadapsar, Pune",2025-07-16T10:38:17Z,Engineering Jobs,"What you'll do: EIIC functional excellence organization is aligned to CTO's strategy to drive ""One Eaton Engineering Functional Excellence"". Charter of this organization is to simplify & create better work experiences for our Engineers by transforming existing engineering work processes. EIIC functional excellence organization will work with global Engineering Functional Excellence leaders in CTO's office, Electrical and Industrial Sector businesses. This lead engineering position will lead of …",https://www.adzuna.in/land/ad/5305889431?se=Us4cWYxo8BGH_oIPd-oBSg&utm_medium=api&utm_source=c8890522&v=36785DCD5932B9DCB5E47A60D421A1075AC56459,18.5219,73.95314,Product Designer – Industrial Automation Controllers
Mechanical Engineering Design,Xylem,"Vadodara, Gujarat",2025-07-03T01:48:54Z,Engineering Jobs,"Xylem is a Fortune 500 global water solutions company dedicated to advancing sustainable impact and empowering the people who make water work every day. As a leading water technology company with 23,000 employees operating in over 150 countries, Xylem is at the forefront of addressing the world's most critical water challenges. We invite passionate individuals to join our team, dedicated to exceeding customer expectations through innovative and sustainable solutions. Mechanical Engineering Desi…",https://www.adzuna.in/land/ad/5280449625?se=Us4cWYxo8BGH_oIPd-oBSg&utm_medium=api&utm_source=c8890522&v=083BA37B207C32DA640FC3781EA97FC2C7E51425,22.2891,73.1924,Product Development Engineer – Wearable Biomedical Devices
Lead PCB Design ENgineer,TE Connectivity,"Bangalore, Karnataka",2025-07-04T02:21:03Z,Engineering Jobs,"Lead PCB Design ENgineer At TE, you will unleash your potential working with people from diverse backgrounds and industries to create a safer, sustainable and more connected world. Job Overview TE Connectivity's R&D/Product Development Engineering Teams conceive original ideas for new products, introduce them into practice. PCB engineer is scalable to contribute individually. He/she is responsible for delivering the project from schematic scratch till the board get fabricated. Stackup analysis,…",https://www.adzuna.in/land/ad/5282462744?se=Us4cWYxo8BGH_oIPd-oBSg&utm_medium=api&utm_source=c8890522&v=7AC7CBB68E9E21FDA46EAFFD1D69B5BAA935A12E,12.95703,77.59837,Product Development Engineer – Wearable Biomedical Devices
Lead PCB Validation Engineer,TE Connectivity,"Bangalore, Karnataka",2025-07-16T10:40:18Z,Engineering Jobs,"Lead PCB Validation Engineer At TE, you will unleash your potential working with people from diverse backgrounds and industries to create a safer, sustainable and more connected world. Job Overview TE Connectivity's R&D/Product Development Engineering Teams conceive original ideas for new products, introduce them into practice. PCB engineer is scalable to contribute individually. He/she is responsible for delivering the project from schematic scratch till the board get fabricated. Stackup analy…",https://www.adzuna.in/land/ad/5305892943?se=Us4cWYxo8BGH_oIPd-oBSg&utm_medium=api&utm_source=c8890522&v=E9A36F88554CCB51B46C6CBDC0E3A14B2BDB7C8A,12.95703,77.59837,Product Development Engineer – Wearable Biomedical Devices
"Technical Program Manager, Search Platform",Google,"Bangalore, Karnataka",2025-07-03T01:45:58Z,Engineering Jobs,"Minimum qualifications: - Bachelor's degree in a technical field, or equivalent practical experience. - 2 years of experience in program management. Preferred qualifications: - 2 years of experience managing cross-functional or cross-team projects. - Experience with technical acumen and Machine Learning. - Experience in Program Management, Stakeholder Management, Risk Management, Communication, Communication Strategy, Strategic Partnerships, Strategic Planning and Project Execution. - Ability t…",https://www.adzuna.in/land/ad/5280444971?se=Us4cWYxo8BGH_oIPd-oBSg&utm_medium=api&utm_source=c8890522&v=D7AE37A6821077D97A6C6B5DBC01E32CD0D71810,12.9881567,77.6226,Product Designer – Battery Management Systems
Lead DevOps Engineer - Developer Productivity,HighLevel,"Delhi, India",2025-06-28T03:17:27Z,Engineering Jobs,"About Us: HighLevel is an AI powered, all-in-one white-label sales & marketing platform that empowers agencies, entrepreneurs, and businesses to elevate their digital presence and drive growth. We are proud to support a global and growing community of over 2 million businesses, comprised of agencies, consultants, and businesses of all sizes and industries. HighLevel empowers users with all the tools needed to capture, nurture, and close new leads into repeat customers. As of mid 2025, HighLevel…",https://www.adzuna.in/details/5272288688?utm_medium=api&utm_source=c8890522,28.62523,77.224601,Product Development Engineer – Wearable Biomedical Devices
Senior Simulation Engineer – Thermal (Product Development),ENNOVI,"Bangalore, Karnataka",2025-06-28T07:01:57Z,Engineering Jobs,"Senior Simulation Engineer – Thermal (Product Development) Electronic City, Bangalore About Company ENNOVI, a Mobility Electrification Solutions Partner, is a world leader in designing and manufacturing customized interconnect and high-precision system solutions for electric vehicles. The company is fully dedicated to the mobility market with the agility to act at speed in realizing EV OEMs’ needs, from product, process, and manufacturing, on a global level. ENNOVI is accelerating EV market cus…",https://www.adzuna.in/details/5272410780?utm_medium=api&utm_source=c8890522,12.9881567,77.6226,Product Development Engineer – EV Charging Infrastructure
PGET - FEA,Xylem,"Vadodara, Gujarat",2025-06-26T23:41:34Z,Engineering Jobs,"Xylem is a Fortune 500 global water solutions company dedicated to advancing sustainable impact and empowering the people who make water work every day. As a leading water technology company with 23,000 employees operating in over 150 countries, Xylem is at the forefront of addressing the world's most critical water challenges. We invite passionate individuals to join our team, dedicated to exceeding customer expectations through innovative and sustainable solutions. Overview of Xylem Xylem (XY…",https://www.adzuna.in/land/ad/5269969346?se=Us4cWYxo8BGH_oIPd-oBSg&utm_medium=api&utm_source=c8890522&v=CF71E2BE71E1EEF804805FF7251C0A32C4DC6D8A,22.2891,73.1924,Product Development Engineer – Wearable Biomedical Devices
Mech Design Engr II,Honeywell,"Bangalore, Karnataka",2025-07-17T10:37:58Z,Engineering Jobs,"The future is what you make it. ? ? When you join Honeywell, you become a member of our global team of thinkers, innovators, dreamers, and doers who make the things that make the future. That means changing the way we fly, fueling jets in an eco-friendly way, keeping buildings smart and safe and even making it possible to breathe on Mars. Working at Honeywell isn't just about developing cool things. That's why our employees enjoy access to dynamic career opportunities across different fields an…",https://www.adzuna.in/land/ad/5307821811?se=Us4cWYxo8BGH_oIPd-oBSg&utm_medium=api&utm_source=c8890522&v=F0C327D17B54AD8B1507659C4920CA83C6154E92,12.9881567,77.6226,Product Development Engineer – Biometric Access Systems
Engineer - Product Definition,Wabtec Corporation,"Bangalore, Karnataka",2025-07-10T04:16:27Z,Engineering Jobs,"It's not just about your career or job title It's about who you are and the impact you will make on the world. Because whether it's for each other or our customers, we put People First. When our people come together, we Expand the Possible and continuously look for ways to improve what we create and how we do it. If you are constantly striving to grow, you're in good company. We are revolutionizing the way the world moves for future generations, and we want someone who is ready to move with us.…",https://www.adzuna.in/land/ad/5294884511?se=AndpY4xo8BG13rKjgzy-6Q&utm_medium=api&utm_source=c8890522&v=E30CFB3D47415164C37AC90C42BECEBDF5A2D2CA,12.9881567,77.6226,Product Development Engineer – Wearable Biomedical Devices
Engineer - Product Definition,Wabtec India Industrial,India,2025-07-12T02:30:39Z,Engineering Jobs,"It’s not just about your career or job title… It’s about who you are and the impact you will make on the world. Because whether it’s for each other or our customers, we put People First. When our people come together, we Expand the Possible and continuously look for ways to improve what we create and how we do it. If you are constantly striving to grow, you’re in good company. We are revolutionizing the way the world moves for future generations, and we want someone who is ready to move with us…",https://www.adzuna.in/details/5298581558?utm_medium=api&utm_source=c8890522,22.3511148,78.6677428,Product Development Engineer – Wearable Biomedical Devices
Product Performance Engineer,"Caterpillar, Inc.","Bangalore, Karnataka",2025-07-20T11:59:57Z,Engineering Jobs,"Career Area: Product Support Job Description: Your Work Shapes the World at Caterpillar Inc. When you join Caterpillar, you're joining a global team who cares not just about the work we do - but also about each other. We are the makers, problem solvers, and future world builders who are creating stronger, more sustainable communities. We don't just talk about progress and innovation here - we make it happen, with our customers, where we work and live. Together, we are building a better world, s…",https://www.adzuna.in/land/ad/5313258561?se=AndpY4xo8BG13rKjgzy-6Q&utm_medium=api&utm_source=c8890522&v=5B588BF6619044B908636B6A29BB424E3C311280,12.95703,77.59837,Product Development Engineer – Wearable Biomedical Devices
Electrical System Design Engineer,"Caterpillar, Inc.","Chennai, Tamil Nadu",2025-07-05T02:14:15Z,Engineering Jobs,"Career Area: Engineering Job Description: Your Work Shapes the World at Caterpillar Inc. When you join Caterpillar, you're joining a global team who cares not just about the work we do - but also about each other. We are the makers, problem solvers, and future world builders who are creating stronger, more sustainable communities. We don't just talk about progress and innovation here - we make it happen, with our customers, where we work and live. Together, we are building a better world, so we…",https://www.adzuna.in/land/ad/5285817641?se=iAkKaYxo8BGUrrSYvW0dZg&utm_medium=api&utm_source=c8890522&v=6BF6C3869430D070648DD63768612A2B6E25402B,13.06041,80.24963,Product Development Engineer – Wearable Biomedical Devices
"Technologist, System Design Engineering",SanDisk,"Bangalore, Karnataka",2025-07-17T10:38:57Z,Engineering Jobs,"Company Description Sandisk understands how people and businesses consume data and we relentlessly innovate to deliver solutions that enable today's needs and tomorrow's next big ideas. With a rich history of groundbreaking innovations in Flash and advanced memory technologies, our solutions have become the beating heart of the digital world we're living in and that we have the power to shape. Sandisk meets people and businesses at the intersection of their aspirations and the moment, enabling …",https://www.adzuna.in/land/ad/5307822865?se=iAkKaYxo8BGUrrSYvW0dZg&utm_medium=api&utm_source=c8890522&v=BDF5486A0520A7850FDA22E1E3787F9613C3A53A,12.9881567,77.6226,Product Designer – Power Quality Monitoring Devices
Lead Systems Engineer - System Design,GE Vernova,"Tamil Nadu, India",2025-07-22T09:54:50Z,Engineering Jobs,"Job Description Summary Become part of a winning team and help to deliver the Green Energy transition Job Description This role is designed to interpret the customer's technical enquiry and to design the most cost effective overall solution for an HVDC installation utilizing the PES power electronics solutions, aiming to minimizing the total cost, and to specify the main (high-value) items of bought-out equipment. The successful candidate will be involved in the development and industrializatio…",https://www.adzuna.in/land/ad/5315976009?se=iAkKaYxo8BGUrrSYvW0dZg&utm_medium=api&utm_source=c8890522&v=4FF34441D97AC85F577E5F4A76D91863122DDC4C,10.989607,78.607338,Product Designer – High-Altitude Defense Electronics
"Technologist, System Design Engineering",Sandisk,"Bangalore, Karnataka",2025-07-16T16:04:30Z,Engineering Jobs,"Job Description Essential duties and responsibilities: Create internal and external specifications working closely with system architects, Marketing & other cross-functional teams. Understand memory specifications and come up with system design for memory products. Deliver memory product design specification documents and test objectives. Align the development and validation process with cross-functional teams. Learn constantly, dive into new areas with unfamiliar technologies, and embrace the …",https://www.adzuna.in/details/5306265205?utm_medium=api&utm_source=c8890522,12.9881567,77.6226,Product Development Engineer – Wearable Biomedical Devices
Mechanical Systems Design Engineer,Apple,"Bangalore, Karnataka",2025-07-01T20:33:49Z,Engineering Jobs,"- Automated measurement system development and optimisation from ideation to deployment. - Detailed mechanical design of manual and automated measurement and calibration systems, including component and materials selection, 3D/2D CAD, mechanism design, and FEA - Collaboration with vendors to develop measurement systems and improve manufacturing and metrology capabilities, and processes - Management of vendor prototyping schedule and manufacturing plan - Support new product failure analysis and …",https://www.adzuna.in/details/5277832117?utm_medium=api&utm_source=c8890522,12.9881567,77.6226,Product Designer – Battery Management Systems
Systems Design Engineer - Optical,Nokia Global,India,2025-06-29T03:18:24Z,Engineering Jobs,"Description In an increasingly connected world, the pandemic has highlighted just how essential telecom networks are to keeping society running. The Network Infrastructure group is at the heart of a revolution to connectivity, pushing the boundaries to deliver more and faster network capacity to people worldwide through our ambition, innovation, and technical expertise Join Optical Networks division, where innovation meets scale in the AI-driven data center era. With the recent acquisition of I…",https://www.adzuna.in/details/5274107523?utm_medium=api&utm_source=c8890522,22.3511148,78.6677428,Product Designer – Wireless Sensor Networks
Lead Control System Design Engineer,Baker Hughes,India,2025-07-21T02:36:57Z,Engineering Jobs,"Lead Control System Design Engineer Are you a highly motivated, creative individual and passionate about working with mechanical components or equipment? Would you like to be a part of our team? Join our team! Baker Hughes is the leading energy technology company, who delivers across the energy value chain through our market-leading business segments. Built on a century of experience and conducting business in over 120 countries. Our innovative technologies and services are taking energy forwar…",https://www.adzuna.in/details/5313931953?utm_medium=api&utm_source=c8890522,22.3511148,78.6677428,Product Development Engineer – Renewable Energy Controllers
Senior Mechanical Design Engineer- Pressurized/Gravity systems (Water - STP/Desalination),AECOM,"Bangalore, Karnataka",2025-07-23T09:51:24Z,Engineering Jobs,"Company Description Work with Us. Change the World. At AECOM, we're delivering a better world. Whether improving your commute, keeping the lights on, providing access to clean water, or transforming skylines, our work helps people and communities thrive. We are the world's trusted infrastructure consulting firm, partnering with clients to solve the world's most complex challenges and build legacies for future generations. There has never been a better time to be at AECOM. With accelerating infr…",https://www.adzuna.in/land/ad/5317564294?se=iAkKaYxo8BGUrrSYvW0dZg&utm_medium=api&utm_source=c8890522&v=40DB5B4A4E5401F9806ABD476D49373FD9EE344E,12.9881567,77.6226,Product Development Engineer – Biometric Access Systems
Systems Engr II,Honeywell,"Pune, Maharashtra",2025-07-23T09:52:20Z,Engineering Jobs,"Join a team that designs, develops and integrates highly complex systems within Honeywell HBT. You will be integral in creating system solutions that meet the evolving needs of our customers. You will be involved in every aspect of the Project life cycle; from the front end of business development through product end of life. Key Responsibilities Study contract documents/tenders, mechanical plans and evaluate customer requirements Knowledge on field device selection, BACnet and Modbus protocol …",https://www.adzuna.in/land/ad/5317564789?se=iAkKaYxo8BGUrrSYvW0dZg&utm_medium=api&utm_source=c8890522&v=046252FC985ED24DB92FB79C393BF24421A4A8CA,18.5062,73.84735,Product Development Engineer – Smart Agricultural Systems
Sr Systems Eng Supervisor,Honeywell,"Pune, Maharashtra",2025-07-23T09:52:20Z,Engineering Jobs,"- To oversee all project engineering activities with a yearly volume of 45 M$ revenue of HPS LSS INDIA business unit - Managing team of 40 members comprising of system engineers, Advanced system engineers and System engineering supervisors - Develop new engineering partners for outsourcing engineering / site commissioning partners. - Planning CEP- certification targets and tracking to meet them month on month basis. - Competency management of entire engineering team - identifying key areas of s…",https://www.adzuna.in/land/ad/5317564791?se=iAkKaYxo8BGUrrSYvW0dZg&utm_medium=api&utm_source=c8890522&v=AA0913D42C377C4B3E915645556B36F3A6515240,18.5062,73.84735,Product Designer – Battery Management Systems
Application Engr II,Honeywell,"Chennai, Tamil Nadu",2025-07-12T10:44:47Z,Engineering Jobs,"ABOUT HONEYWELL Honeywell International Inc. (Nasdaq: HON) invents and commercializes technologies that address some of the world's most critical challenges around energy, safety, security, air travel, productivity and global urbanization. We are a leading software-industrial company committed to introducing state-of-the-art technology solutions to improve efficiency, productivity, sustainability and safety in high-growth businesses in broad-based, attractive industrial end markets. Our product…",https://www.adzuna.in/land/ad/5299203474?se=iAkKaYxo8BGUrrSYvW0dZg&utm_medium=api&utm_source=c8890522&v=9EB0B52051E7F2AE55985ED68D7A2FFFC3561982,13.06041,80.24963,Product Designer – Railway Safety Controllers
Systems Engr II,Honeywell,"Chennai, Tamil Nadu",2025-07-04T02:14:02Z,Engineering Jobs,"ABOUT HONEYWELL Honeywell International Inc. (Nasdaq: HON) invents and commercializes technologies that address some of the world's most critical challenges around energy, safety, security, air travel, productivity and global urbanization. We are a leading software-industrial company committed to introducing state-of-the-art technology solutions to improve efficiency, productivity, sustainability and safety in high-growth businesses in broad-based, attractive industrial end markets. Our product…",https://www.adzuna.in/land/ad/5282454241?se=iAkKaYxo8BGUrrSYvW0dZg&utm_medium=api&utm_source=c8890522&v=881C27D146ED51B8981F429DD6513DF64660587F,13.06041,80.24963,Product Designer – Railway Safety Controllers
Application Engr I,Honeywell,"Pune, Maharashtra",2025-07-12T10:44:47Z,Engineering Jobs,"ABOUT HONEYWELL Honeywell International Inc. (Nasdaq: HON) invents and commercializes technologies that address some of the world's most critical challenges around energy, safety, security, air travel, productivity and global urbanization. We are a leading software-industrial company committed to introducing state-of-the-art technology solutions to improve efficiency, productivity, sustainability and safety in high-growth businesses in broad-based, attractive industrial end markets. Our product…",https://www.adzuna.in/land/ad/5299203478?se=iAkKaYxo8BGUrrSYvW0dZg&utm_medium=api&utm_source=c8890522&v=2556DCE00A7E95DE1766DDEC8BFC86184FD605F5,18.5062,73.84735,Product Designer – Railway Safety Controllers
Principal Systems Development Engineer,Dell Technologies,"Bangalore, Karnataka",2025-06-25T23:40:19Z,Engineering Jobs,"Principal Systems Development Engineer Our customers' system requirements are usually highly complex. Bringing together hardware and software systems design, Systems Development Engineering operates at the very cutting edge of technology to meet them. We design and develop electronic and electro-mechanical or systems-orientated products, conduct feasibility studies on engineering proposals and prepare installation, operation and maintenance specifications and instructions. We're proud to delive…",https://www.adzuna.in/land/ad/5267889286?se=iAkKaYxo8BGUrrSYvW0dZg&utm_medium=api&utm_source=c8890522&v=EFCA9617C38D00D08CB54BA3C465F3DE5087EDD1,12.9881567,77.6226,Product Development Engineer – Smart Agricultural Systems
Systems Engr II,Honeywell,"Chennai, Tamil Nadu",2025-07-23T09:52:21Z,Engineering Jobs,"ABOUT HONEYWELL Honeywell International Inc. (Nasdaq: HON) invents and commercializes technologies that address some of the world's most critical challenges around energy, safety, security, air travel, productivity and global urbanization. We are a leading software-industrial company committed to introducing state-of-the-art technology solutions to improve efficiency, productivity, sustainability and safety in high-growth businesses in broad-based, attractive industrial end markets. Our product…",https://www.adzuna.in/land/ad/5317564842?se=iAkKaYxo8BGUrrSYvW0dZg&utm_medium=api&utm_source=c8890522&v=C8305105E8EBD4BAC633872D2924233F392C1DD4,13.06041,80.24963,Product Designer – Railway Safety Controllers
Systems Engr II,Honeywell,"Pune, Maharashtra",2025-07-12T10:44:47Z,Engineering Jobs,"ABOUT HONEYWELL Honeywell International Inc. (Nasdaq: HON) invents and commercializes technologies that address some of the world's most critical challenges around energy, safety, security, air travel, productivity and global urbanization. We are a leading software-industrial company committed to introducing state-of-the-art technology solutions to improve efficiency, productivity, sustainability and safety in high-growth businesses in broad-based, attractive industrial end markets. Our product…",https://www.adzuna.in/land/ad/5299203460?se=iAkKaYxo8BGUrrSYvW0dZg&utm_medium=api&utm_source=c8890522&v=5ABE05D072CF9E728C051565EA3608C1796D472E,18.5062,73.84735,Product Designer – Railway Safety Controllers
Application Engr I,Honeywell,"Pune, Maharashtra",2025-07-05T02:15:23Z,Engineering Jobs,"ABOUT HONEYWELL Honeywell International Inc. (Nasdaq: HON) invents and commercializes technologies that address some of the world's most critical challenges around energy, safety, security, air travel, productivity and global urbanization. We are a leading software-industrial company committed to introducing state-of-the-art technology solutions to improve efficiency, productivity, sustainability and safety in high-growth businesses in broad-based, attractive industrial end markets. Our product…",https://www.adzuna.in/land/ad/5285822090?se=iAkKaYxo8BGUrrSYvW0dZg&utm_medium=api&utm_source=c8890522&v=5BCCE6071636207260DB98565C813D45EC595C30,18.5062,73.84735,Product Designer – Railway Safety Controllers
Mechanical Manager,Applied Materials,"Bangalore, Karnataka",2025-07-20T11:59:47Z,Engineering Jobs,"Who We Are Applied Materials is the global leader in materials engineering solutions used to produce virtually every new chip and advanced display in the world. We design, build and service cutting-edge equipment that helps our customers manufacture display and semiconductor chips - the brains of devices we use every day. As the foundation of the global electronics industry, Applied enables the exciting technologies that literally connect our world - like AI and IoT. If you want to work beyond …",https://www.adzuna.in/land/ad/5313258479?se=iAkKaYxo8BGUrrSYvW0dZg&utm_medium=api&utm_source=c8890522&v=711847980C6A106E60BA647DCE52687A806A1CBA,12.95703,77.59837,Product Designer – IoT Devices
"Principal Engineer, Systems Design Verification Engineering- Advanced Python with thorough OOPS and Design concepts, Tools Development in Validation Environment, Strong Memory Concepts (Nand, SSD)",Sandisk,"Bangalore, Karnataka",2025-07-03T04:56:54Z,Engineering Jobs,"Job Description We are seeking a visionary Principal Engineer as part of System Validation Infra to join our team in Bengaluru, India. In this pivotal role, you will lead the technical direction of our engineering efforts, drive innovation, and mentor our talented team of engineers. As a Principal Engineer, you will be at the forefront of designing and implementing cutting-edge solutions and monitoring infra tools and systems deployment that shape the future of our products. Architect and desig…",https://www.adzuna.in/details/5280629453?utm_medium=api&utm_source=c8890522,12.9881567,77.6226,Product Development Engineer – Industrial Edge Gateways
SME - Equipment Design (Controls & Systems Engineer),Apple,"Bangalore, Karnataka",2025-07-01T20:32:01Z,Engineering Jobs,The role is responsible for collaborating with process engineers to develop and fabricate prototype equipment for the development and validation of new process architectures and addressing complex product design challenges. The candidate will work internally with our process teams and external equipment manufacturers to construct fully automated novel equipment from the conceptualization and architecture stages through mass production. We seek an individual in this role who will serve as a foca…,https://www.adzuna.in/details/5277830923?utm_medium=api&utm_source=c8890522,12.9881567,77.6226,Product Development Engineer – Wearable Biomedical Devices
Application Engr I,Honeywell,"Pune, Maharashtra",2025-07-12T10:44:47Z,Engineering Jobs,"ABOUT HONEYWELL Honeywell International Inc. (Nasdaq: HON) invents and commercializes technologies that address some of the world's most critical challenges around energy, safety, security, air travel, productivity and global urbanization. We are a leading software-industrial company committed to introducing state-of-the-art technology solutions to improve efficiency, productivity, sustainability and safety in high-growth businesses in broad-based, attractive industrial end markets. Our product…",https://www.adzuna.in/land/ad/5299203476?se=eqYCfYxo8BGUrrSYvW0dZg&utm_medium=api&utm_source=c8890522&v=87C6DB816322B574F9058B780C02571B63EBCD67,18.5062,73.84735,Product Designer – Railway Safety Controllers
Antenna Design Engineer-Radar Systems,Centum Electronics Ltd.,"Bangalore, Karnataka",2025-06-28T06:59:30Z,Engineering Jobs,"Position: Antenna Design Engineer-Radar Systems Company Profile: (www.centumelectronics.com) Centum Electronics Ltd is a leading ESDM (Electronics System Design & Manufacturing) Indian Multinational Company founded in 1994 that offers Mission Critical design, development & manufacturing of customized system/subsystem solutions for high-reliability applications for global customers in Defence, Aerospace, Space, Industrial, Medical, and Transportation domain. Centum has around 2000 employees and …",https://www.adzuna.in/details/5272407499?utm_medium=api&utm_source=c8890522,12.9881567,77.6226,Product Designer – High-Altitude Defense Electronics
Systems Engr I,Honeywell,"Pune, Maharashtra",2025-06-25T23:40:34Z,Engineering Jobs,JD for System Engg I: (Telecom & Industrial Security) Reporting to Sr Systems Engineering Supervisor Travel: 50-60% (as per project requirement) Roles and Responsibilities: - To be part of a team which specialize in Technical Proposal & Engineering support for Telecom and Industrial Security Systems - Review and understand the telecom and Security systems RFP's (Customer bid/tender) and prepare the Technical proposal including Bill of Materials and Architecture. Capable to stitch an integrated …,https://www.adzuna.in/land/ad/5267893690?se=eqYCfYxo8BGUrrSYvW0dZg&utm_medium=api&utm_source=c8890522&v=F7466AC5559382EEC1B7744AC3C9402C7F1B96CB,18.5062,73.84735,Product Designer – Embedded Security Modules
Consultant - Security,WSP USA,"Bangalore, Karnataka",2025-06-29T23:45:39Z,Engineering Jobs,"- Demonstrate a good understanding and knowledge of the design of Physical Security Systems. - Good knowledge of various manufacturer specific Video Surveillance bandwidth and storage calculators. - Good knowledge of IT and networking to a level that supports Physical Security System installations. - Good understanding of architectural building plans, layouts and elevations (including cable, containment and connection schematics). - Good understanding of power, cooling and containment systems t…",https://www.adzuna.in/land/ad/5275059587?se=eqYCfYxo8BGUrrSYvW0dZg&utm_medium=api&utm_source=c8890522&v=029D5363745EAD980B951B540C56184D78612835,12.9881567,77.6226,Product Designer – Embedded Security Modules
GT Controls NPI Engineer,GE Vernova,"Telangana, India",2025-07-12T10:44:39Z,Engineering Jobs,"Job Description Summary Want to be part of the Energy Transformation, have a meaningful career, work on complex solutions like carbon capture, decarbonization, fast power, and grid reconstruction & stabilization that will change the way power is delivered to the world? Come join one of the most innovative design teams in the Power Industry, GE Vernova's Gas Power Controls team. At GE Vernova Gas Power Controls, we design and implement control solutions that have meaningful impact on people's li…",https://www.adzuna.in/land/ad/5299203323?se=eqYCfYxo8BGUrrSYvW0dZg&utm_medium=api&utm_source=c8890522&v=A8FA4417194040EBC9134AA0AB57F78901C592D5,17.864111,77.027375,Product Designer – Power Quality Monitoring Devices
Principal System Development Engineer,Dell Technologies,"Bangalore, Karnataka",2025-07-24T09:52:35Z,Engineering Jobs,"Principal Systems Development Engineer Our customers' system requirements are usually highly complex. Bringing together hardware and software systems design, Systems Development Engineering operates at the very cutting edge of technology to meet them. Dell Technologies' Integrated Solutions brings Dell and partner hardware and software products together in form of reference and validated designs. These designs paired with various services offers customers to embark the AI, GenAI , HPC journey w…",https://www.adzuna.in/land/ad/5319454686?se=eqYCfYxo8BGUrrSYvW0dZg&utm_medium=api&utm_source=c8890522&v=87773AC7BCF179A1052352B72092AA9E358FE36F,12.9881567,77.6226,Product Development Engineer – Smart Agricultural Systems
Principal Engineer-Hydro Power,WSP USA,"Bangalore, Karnataka",2025-07-06T02:20:40Z,Engineering Jobs,"Responsibilities - Develop conceptual to detailed designs for water dams , large pond reservoirs , and service basins . - Support the team to conduct inspections, investigations, and condition assessments of existing dams to ensure safety and compliance. - Lead multidisciplinary dam safety reviews and integrate innovative solutions. - Manage the technical delivery and oversee multiple high-profile dam projects. - Provide expert guidance on contract administration and project execution. - Help d…",https://www.adzuna.in/land/ad/5288146820?se=eqYCfYxo8BGUrrSYvW0dZg&utm_medium=api&utm_source=c8890522&v=B22E17126CF3F61E031504945EFA928DA7D175EE,12.9881567,77.6226,Product Designer – Railway Safety Controllers
Lead Design Engineer – Turbomachinery & Auxiliary Systems,Baker Hughes,India,2025-07-21T02:32:27Z,Engineering Jobs,"Lead Design Engineer – Turbomachinery & Auxiliary Systems Do you enjoy being part of a successful team? Would you like to be part of our Turbomachinery Process Solutions Product Line? Join our Industrial Energy Technology Team Our Industrial and Energy Technology (IET) operates across 120 countries and serves the entire energy value chain and industrial sector. We hold an extensive portfolio of rotating equipment, process flow, transmission technology and lifecycle services. Our Engineering Tra…",https://www.adzuna.in/details/5313926649?utm_medium=api&utm_source=c8890522,22.3511148,78.6677428,Product Development Engineer – Renewable Energy Controllers
Principal Engineer - Water,WSP USA,"Noida, Ghaziabad",2025-07-02T01:43:12Z,Engineering Jobs,"Lead and manage water resources engineering projects, including water supply, distribution, treatment, and wastewater systems. - Develop and implement engineering designs and models for water projects, utilizing advanced software tools. - Conduct feasibility studies, assessments, and analyses of water systems to determine optimal solutions. - Ensure projects adhere to local, state, and federal regulations, and maintain high standards of quality and safety. - Collaborate with clients, contractor…",https://www.adzuna.in/land/ad/5278418297?se=eqYCfYxo8BGUrrSYvW0dZg&utm_medium=api&utm_source=c8890522&v=1C55CFE8F91750762F8E4E077786971998F8A15F,28.56579,77.3225,Product Designer – Railway Safety Controllers
Lead R&D Engr/Scientist,Honeywell,"Bangalore, Karnataka",2025-06-26T23:40:24Z,Engineering Jobs,"Seeking expert & experienced Aerospace Mechanical Design & System Engineer to join Aerospace Advanced & Applied Technology group to help build and deploy cutting-edge Thermal Management Systems, Air Management Systems, Life support systems, Electromechanical products, High Temperature materials, Coatings, Sensors, Predictive health monitoring, Digital Twins, AI/ML in mechanical Design & analysis & Connected systems that drive business value for Aerospace. You will work closely with Chief Engine…",https://www.adzuna.in/land/ad/5269941662?se=eqYCfYxo8BGUrrSYvW0dZg&utm_medium=api&utm_source=c8890522&v=2EE20A80373533ABC381775EF0B18DAAC57451DD,12.95703,77.59837,Product Designer – Battery Management Systems
Design Engineer - Renewable Energy-Mumbai,SyncUp,"Mumbai, Maharashtra",2025-07-11T01:01:32Z,Engineering Jobs,Role Summary: Come join our dynamic team as a Solar Design Engineer ! You will play a pivotal role in designing and optimizing rooftop solar PV systems while also contributing to business development efforts. This is an exciting opportunity for technically skilled professionals who are passionate about clean energy and engaging with clients. Your expertise will help drive the future of renewable energy. Key Responsibilities:  Solar System Design & Engineering: Design and develop rooftop solar P…,https://www.adzuna.in/details/5296214514?utm_medium=api&utm_source=c8890522,19.00821,72.84415,Product Development Engineer – Renewable Energy Controllers
Engineer II,lululemon India Tech Hub,"Bangalore, Karnataka",2025-07-10T08:27:19Z,Engineering Jobs,"Engineer I / II Digital Transactions Region: India State: Karnataka, City: Bangalore About lululemon: lululemon is an innovative performance apparel company for yoga, running, training, and other athletic pursuits. Setting the bar in technical fabrics and functional design, we create transformational products and experiences that support people in moving, growing, connecting, and being well. We owe our success to our innovative products, commitment to our people, and the incredible connections …",https://www.adzuna.in/land/ad/5295109069?se=eqYCfYxo8BGUrrSYvW0dZg&utm_medium=api&utm_source=c8890522&v=E910CE262732655FF5EA7702A496452F814F7F0D,12.9881567,77.6226,Product Development Engineer – Wearable Biomedical Devices
Engineer - Inlet and Exhaust Systems,GE Vernova,"Karnataka, India",2025-06-27T23:43:33Z,Engineering Jobs,"Job Description Summary Are you passionate about innovation? Are you excited at the opportunity to electrify and decarbonize the world? We operate with a founder's mindset. We deliver innovation with passion, speed, and courage. We continuously challenge our thinking and are empowered to dream big and take smart risks. Systems engineering is a cross-functional engineering discipline centered on an approach, mindset, and process. All activities that consider both the business and the technical n…",https://www.adzuna.in/land/ad/5271859136?se=eqYCfYxo8BGUrrSYvW0dZg&utm_medium=api&utm_source=c8890522&v=FA3522BB8DEF4A5180467717DEBF91C96F89F14F,14.325172,76.227524,Product Development Engineer – Smart Agricultural Systems
Engineer - Inlet and Exhaust Systems,GE Vernova,"Uttar Pradesh, India",2025-06-27T23:43:32Z,Engineering Jobs,"Job Description Summary Are you passionate about innovation? Are you excited at the opportunity to electrify and decarbonize the world? We operate with a founder's mindset. We deliver innovation with passion, speed, and courage. We continuously challenge our thinking and are empowered to dream big and take smart risks. Systems engineering is a cross-functional engineering discipline centered on an approach, mindset, and process. All activities that consider both the business and the technical n…",https://www.adzuna.in/land/ad/5271859102?se=eqYCfYxo8BGUrrSYvW0dZg&utm_medium=api&utm_source=c8890522&v=89DFE5D0399EA8D02DB6A51DFDD5A4EAB7C58DE3,26.99551,80.600118,Product Development Engineer – Smart Agricultural Systems
Principal Engineer - Offshore Wind Submarine Cable Layout & Design,Quest Global,"Bangalore, Karnataka",2025-07-20T07:57:43Z,Engineering Jobs,"We are considering candidates willing to relocate Bengaluru, Karnataka, India Principal Cable System Design Engineer - Submarine Cable Engineering Submarine Electrical Cable Design Engineer Cable Engineer | Submarine | Subsea | Electrical Design | Wind Energy | 10 - 20 Years | Bangalore | Essential Experience and Job Requirements · 5 years experience working with submarine / subsea power cables. · 3 years experience working with Offshore Wind. · In depth working knowledge of HV submarine cable …",https://www.adzuna.in/details/5313127037?utm_medium=api&utm_source=c8890522,12.9881567,77.6226,Product Development Engineer – Renewable Energy Controllers
Senior Mechanical Design Engineer- Pressurized/Gravity systems (Water - STP/Desalination),AECOM,"Bangalore, Karnataka",2025-07-22T04:13:12Z,Engineering Jobs,"Job Description Awareness of pipe network design codes Experience in designing various mechanical components of wastewater treatment systems like – ASP, MBBR, SBR, MBR, Digesters, Solids Handling systems, etc. Experience in designing Water Treatment systems including conventional and advance system (e.g., desalination systems). Experience leading the team on various design tasks/deliverables like- Developing the design of Wastewater Treatment Plants (including Sludge Treatment facilities and Od…",https://www.adzuna.in/details/5315707714?utm_medium=api&utm_source=c8890522,12.9881567,77.6226,Product Development Engineer – Smart Agricultural Systems
Customer Application Engineer,GE Vernova,"Tamil Nadu, India",2025-06-24T23:42:34Z,Engineering Jobs,"Job Description Summary Based at GE Power Conversion Chennai site the Parts Engineer's role is an exciting opportunity for an action-oriented individual with technical foundation of Power Conversion equipment. You will be able to leverage your Power Conversion knowledge as a main point of contact to directly support quotes and sales conversion, drive customer fulfillment, while you collaborate across the globe with key functional teams and enhance your strategic business acumen. Job Description…",https://www.adzuna.in/land/ad/5266061305?se=eqYCfYxo8BGUrrSYvW0dZg&utm_medium=api&utm_source=c8890522&v=DCD11CA46F8FE12B255C3B40E030F1F63B92C713,10.989607,78.607338,Product Designer – Power Quality Monitoring Devices
DGM - Electrical (Anuppur),Adani,"Anuppur, Madhya Pradesh",2025-07-01T20:31:42Z,Engineering Jobs,"Responsibilities Job Description: We are seeking a seasoned and technically proficient Deputy General Manager – Electrical to lead electrical construction and commissioning activities in thermal power projects, including greenfield and brownfield developments. Key Responsibilities: Oversee electrical construction for: BTG (Boiler, Turbine, Generator) BOP (Balance of Plant) Switchyard and Substations Transformers and Generators Review and interpret electrical drawings, schematics, and technical …",https://www.adzuna.in/details/5277830710?utm_medium=api&utm_source=c8890522,23.11805,81.73865,Product Designer – Power Quality Monitoring Devices
Fire Fighting /Engineer,Sri Sai Overseas Recruitment,"Vadodara, Gujarat",2025-07-18T01:15:12Z,Engineering Jobs,"Contact : Priyanka Dash // 9601126699 // priyanka@srisaioverseas.com Job Title: Firefighting Engineer Department: Engineering / Safety Location: Vadodara Qualification : BE / BTECH / Mechanical Job Description : Study client input and attend project meetings to understand the project requirements, planning deliverable submission in line with project specific Schedule. Preparation of Design Basis Report / Overall philosophy. Preparation of Fire Fighting System, Fire & Gas Detection & Alarm Syste…",https://www.adzuna.in/details/5308439080?utm_medium=api&utm_source=c8890522,22.2891,73.1924,Product Designer – Railway Safety Controllers
Principal Engineer - Mechanical,WSP USA,"Bangalore, Karnataka",2025-06-29T23:45:38Z,Engineering Jobs,"HVAC Engineering, Calculations, Systems Design, Providing markups to BIM team, Knowlede in MEP systems, HAP, Equipment selection, Design Document writing, knowledge in BIM Technical Responsibilities - Deliver high-quality technical designs, drawings, specifications, and engineering solutions in compliance with international standards and regulations. - Contribute to technical problem-solving and project execution, ensuring high standards of design quality and innovation. - Lead and review detai…",https://www.adzuna.in/land/ad/5275059574?se=eorujoxo8BGUrrSYvW0dZg&utm_medium=api&utm_source=c8890522&v=4F2A5A8255DA3FE2A33165C519EE0B202CE971E0,12.9881567,77.6226,Product Designer – Power Quality Monitoring Devices
Requirements Engineering (RBE),Centum T&S,India,2025-07-07T09:14:45Z,Engineering Jobs,"CENTUM T&S, headquartered in France, is a business unit of Centum Electronics Group (Around 1000Cr turnover organization) offering a wide range of electronic and embedded systems design engineering services to international customers to help them realize complex products and sub systems. It includes design, development, qualification, value engineering, testbench design & manufacturing and many more services. Centum T&S has established its India operations in North Bengaluru, known as Centum T&…",https://www.adzuna.in/details/5289687510?utm_medium=api&utm_source=c8890522,22.3511148,78.6677428,Product Designer – Embedded Security Modules
Specialist-DERMS (Power & Controls Systems),Eaton Corporation,"Hadapsar, Pune",2025-06-28T23:44:17Z,Engineering Jobs,"What you'll do: The Specialist would be responsible for defining system architecture as well as control design for Distributed Energy Resource Management System (DERMS) for microgrid products. This role entails defining system architecture, design & implement controls for energy management, maintaining power system models, test strategy, developing test scripts, MIL-HIL validation of the controls. The role also requires to lead the design & implementation efforts of the control team; would be r…",https://www.adzuna.in/land/ad/5273723631?se=eorujoxo8BGUrrSYvW0dZg&utm_medium=api&utm_source=c8890522&v=D5D3E7E935056A6DD4FBC1A0149E5A48B987B1C1,18.5219,73.95314,Product Designer – Battery Management Systems
DGM- Design & Engineering Artillery,LT-Larsen & Toubro Limited,India,2025-07-11T02:32:20Z,Engineering Jobs,"Design Lead - Lead a team of mechanical engineers in Design & Engineering function Design & Engineering of Defence equipment of Artillery system System Engineering, Layout Design Concept design, engineering of mechanical sub system from first principle Design of Structures and selection of mechanical component Selection of material, Knowledge in manufacturing process like Casting, Forging, Fabrication, Machining etc Generation of specification for Bought out items Drawing generation - dimension…",https://www.adzuna.in/details/5296809862?utm_medium=api&utm_source=c8890522,22.3511148,78.6677428,Product Development Engineer – Wearable Biomedical Devices
Team Lead-Embedded systems,POWERCON®,"Pune, Maharashtra",2025-07-14T06:39:06Z,Engineering Jobs,"Company / Business introduction. The POWERCON® Group – an Indian MNC, is a Total Solution Provider for Renewable Energy Project Development, Construction and Lifetime Operations. The 2 flagships POWERCON® Ventures (Wind arm) and PowerSun® (Solar PV arm) together with worldwide partnerships and specialized SBUs constitute a 360-degree RE eco-system to serve domestic and global market across the Renewable Energy delivery chain. The Group’s Wind & Solar service portfolio exceeds 2.5 GW of Operatio…",https://www.adzuna.in/details/5301489404?utm_medium=api&utm_source=c8890522,18.5062,73.84735,Product Development Engineer – Renewable Energy Controllers
Mechanical Design Engineer,Applied Materials India,India,2025-07-13T02:30:10Z,Engineering Jobs,"Who We Are Applied Materials is the global leader in materials engineering solutions used to produce virtually every new chip and advanced display in the world. We design, build and service cutting-edge equipment that helps our customers manufacture display and semiconductor chips – the brains of devices we use every day. As the foundation of the global electronics industry, Applied enables the exciting technologies that literally connect our world – like AI and IoT. If you want to work beyond …",https://www.adzuna.in/details/5300201668?utm_medium=api&utm_source=c8890522,22.3511148,78.6677428,Product Designer – IoT Devices
FPGA Engineer with RF Hardware Experience,Almighty HRD Consultants,"Coimbatore, Tamil Nadu",2025-07-03T20:40:52Z,Engineering Jobs,"Hi, We are hiring for our client, a Semi conductor industry in Coimbatore location JOB Description Department Name EMBEDDED Location Coimbatore Job Title FPGA Design Engineers Qualification Bachelor’s or Master’s degree in Electrical and Electronics Total Years of Experience 1-3 Yrs Required Skills and Experience: RF Hardware Engineers Good understanding in real-time signal processing tasks in RF applications, such as modulation/demodulation, filtering, and data encoding/decoding. Experience in…",https://www.adzuna.in/details/5281929686?utm_medium=api&utm_source=c8890522,11.017171,77.100203,Product Designer – Embedded Security Modules
Principal Engineer-Hydro Power,WSP USA,"Noida, Ghaziabad",2025-07-18T11:46:18Z,Engineering Jobs,"WSP is one of the world's leading professional services consulting firms. We are dedicated to our local communities and propelled by international brainpower. We are technical experts and strategic advisors including engineers, technicians, scientists, architects, planners, surveyors and environmental specialists, as well as other design, program and construction management professionals. We design lasting solutions in the Transportation & Infrastructure, Property & Buildings, Earth & Environme…",https://www.adzuna.in/land/ad/5309608404?se=eorujoxo8BGUrrSYvW0dZg&utm_medium=api&utm_source=c8890522&v=4B072404106E9A4259EFF245FEE42E865F3E27D6,28.56579,77.3225,Product Designer – Battery Management Systems
Lead Software Engineer -C/C++ & Python Developer,The Boeing Company,"Bangalore, Karnataka",2025-07-17T10:37:27Z,Engineering Jobs,"Job Description At Boeing, we innovate and collaborate to make the world a better place. We're committed to fostering an environment for every teammate that's welcoming, respectful and inclusive, with great opportunity for professional growth. Find your future with us. As a leading global aerospace company, Boeing develops, manufactures and services commercial airplanes, defense products and space systems for customers in more than 150 countries. As a top U.S. exporter, the company leverages th…",https://www.adzuna.in/land/ad/5307821375?se=eorujoxo8BGUrrSYvW0dZg&utm_medium=api&utm_source=c8890522&v=167E28BBC6C859C029F81BBA769BD38EC7891B1B,12.9881567,77.6226,Product Development Engineer – Defense Communication Systems
Principal Engineer-Hydro Power,WSP USA,"Bangalore, Karnataka",2025-07-18T11:46:18Z,Engineering Jobs,"WSP is one of the world's leading professional services consulting firms. We are dedicated to our local communities and propelled by international brainpower. We are technical experts and strategic advisors including engineers, technicians, scientists, architects, planners, surveyors and environmental specialists, as well as other design, program and construction management professionals. We design lasting solutions in the Transportation & Infrastructure, Property & Buildings, Earth & Environme…",https://www.adzuna.in/land/ad/5309608422?se=eorujoxo8BGUrrSYvW0dZg&utm_medium=api&utm_source=c8890522&v=239C5339FF518DA66E3A5A911246F8D651400279,12.9881567,77.6226,Product Designer – Battery Management Systems
Senior Systems Engineer - Exchange Online / Office 365,Autodesk,"Bangalore, Karnataka",2025-07-02T01:41:09Z,Engineering Jobs,"Job Requisition ID  25WD84827 Position Overview We are seeking a motivated and experienced Senior Information Systems Engineer to join our Collaboration Services team. In this role, you will automate business processes, participate in the technical design of platforms, and manage ongoing feature changes in collaboration applications. Solid technical expertise and the ability to collaborate with multiple teams are essential. As the Senior Information Systems Engineer, you will oversee the admini…",https://www.adzuna.in/land/ad/5278413177?se=eorujoxo8BGUrrSYvW0dZg&utm_medium=api&utm_source=c8890522&v=DBB6F0F7A4961B617FCF18A227E358F1C53A4349,12.9881567,77.6226,Product Development Engineer – Smart Agricultural Systems
Senior Systems Engineer - Exchange Online / Office 365,Autodesk,"New Delhi, Delhi",2025-07-02T01:41:09Z,Engineering Jobs,"Job Requisition ID  25WD84827 Position Overview We are seeking a motivated and experienced Senior Information Systems Engineer to join our Collaboration Services team. In this role, you will automate business processes, participate in the technical design of platforms, and manage ongoing feature changes in collaboration applications. Solid technical expertise and the ability to collaborate with multiple teams are essential. As the Senior Information Systems Engineer, you will oversee the admini…",https://www.adzuna.in/land/ad/5278413176?se=eorujoxo8BGUrrSYvW0dZg&utm_medium=api&utm_source=c8890522&v=35C3C02E20764563140D9217B7AA9696C9E471F2,28.62623,77.21808,Product Development Engineer – Smart Agricultural Systems
Validation/Characterization Engineer,Texas Instruments,"Bangalore, Karnataka",2025-07-21T12:06:00Z,Engineering Jobs,"Change the world. Love your job. About the Team The Voltage Reference and Supervisors team in the TI-Analog Power Products vertical is engaged in development of cutting age products in the domain of voltage references and supervisor IC's. The products developed by the team are used in wide variety of end-equipment's ranging from test and measurement - bench equipment's like DMMs, DAQ systems, channel cards in ATE, to solar inverters and automotive subsystems for ICE/HEV/EV vehicles. The product…",https://www.adzuna.in/land/ad/5314281293?se=eorujoxo8BGUrrSYvW0dZg&utm_medium=api&utm_source=c8890522&v=DD86F0630866F3BEB6BD48CCF8793B6D17161DDC,12.9881567,77.6226,Product Development Engineer – EV Charging Infrastructure
