"Title","Company","Location","Created","Category","URL","Latitude","Longitude"
"Engineer (PCB Design)","Eaton Corporation","Hadapsar, Pune","2025-06-13T23:47:08Z","Engineering Jobs","https://www.adzuna.in/land/ad/5248991222?se=4nAwvoVk8BG0GtBv1vGMnA&utm_medium=api&utm_source=c8890522&v=2ED73971936A48503D04DEF626B92F6E1CC757B1","18.5219","73.95314"
"Lead PCB Design Engineer","Emerson","Pune, Maharashtra","2025-06-19T23:45:31Z","Engineering Jobs","https://www.adzuna.in/land/ad/5258446155?se=4nAwvoVk8BG0GtBv1vGMnA&utm_medium=api&utm_source=c8890522&v=E4AD7149B17540FC7AC62A608B909D45B90724FF","18.5062","73.84735"
"Lead PCB Design ENgineer","TE Connectivity","Bangalore, Karnataka","2025-07-04T02:21:03Z","Engineering Jobs","https://www.adzuna.in/land/ad/5282462744?se=4nAwvoVk8BG0GtBv1vGMnA&utm_medium=api&utm_source=c8890522&v=7AC7CBB68E9E21FDA46EAFFD1D69B5BAA935A12E","12.95703","77.59837"
"Lead Engineer - PCB Design and Electronics Hardware","GE Vernova","Tamil Nadu, India","2025-04-24T23:24:42Z","Engineering Jobs","https://www.adzuna.in/land/ad/5160519390?se=4nAwvoVk8BG0GtBv1vGMnA&utm_medium=api&utm_source=c8890522&v=07B2AD83A436394E1C80BF0F23145DE0F446D15D","10.989607","78.607338"
"PCB Designer","Excellence and Eminence LLP","Bangalore, Karnataka","2025-06-06T20:42:31Z","Engineering Jobs","https://www.adzuna.in/details/5236360844?utm_medium=api&utm_source=c8890522","12.9767936","77.5900820"
"PCB Design","Maintec","Bangalore, Karnataka","2025-06-06T20:42:26Z","Engineering Jobs","https://www.adzuna.in/details/5236360250?utm_medium=api&utm_source=c8890522","12.9767936","77.5900820"
"PCB Designer","Amec Mobility Pvt Ltd","Nagpur, Maharashtra","2025-06-06T20:46:14Z","Engineering Jobs","https://www.adzuna.in/details/5236370539?utm_medium=api&utm_source=c8890522","21.1867","78.9786"
"PCB Designer","Aproposdrive Technologies Pvt Ltd","Pune, Maharashtra","2025-07-03T06:29:40Z","IT Jobs","https://www.adzuna.in/details/5280723102?utm_medium=api&utm_source=c8890522","18.5062","73.84735"
"PCB Designer","Akkodis","Bangalore, Karnataka","2025-07-14T09:36:12Z","Engineering Jobs","https://www.adzuna.in/details/5301591817?utm_medium=api&utm_source=c8890522","12.9767936","77.5900820"
"PCB Designer","RecruitARK Solutions Pvt Ltd","Bangalore, Karnataka","2025-02-07T22:40:14Z","Engineering Jobs","https://www.adzuna.in/details/5041553062?utm_medium=api&utm_source=c8890522","12.9767936","77.5900820"
"Software QA Engineer","Autodesk","Pune, Maharashtra","2025-06-19T23:44:46Z","IT Jobs","https://www.adzuna.in/land/ad/5258440668?se=4nAwvoVk8BG0GtBv1vGMnA&utm_medium=api&utm_source=c8890522&v=80E2F2E1D7CAEB21F81DE702D8222123D9BA3B3D","18.5062","73.84735"
"Specialist : Electronics Hardware Development","Eaton Corporation","Hadapsar, Pune","2025-07-10T04:11:46Z","Engineering Jobs","https://www.adzuna.in/land/ad/5294873567?se=4nAwvoVk8BG0GtBv1vGMnA&utm_medium=api&utm_source=c8890522&v=DB5AE728C8C45BD999B0888A9185660E6765D1A9","18.5219","73.95314"
"Sr. Hardware Design Engineer","Amazon","Bangalore, Karnataka","2025-05-03T23:09:22Z","Engineering Jobs","https://www.adzuna.in/land/ad/5178895962?se=4nAwvoVk8BG0GtBv1vGMnA&utm_medium=api&utm_source=c8890522&v=CCE83F21AE76C67E88363F09A16D2EF71EB9B1A3","12.9767936","77.5900820"
"PCB Design Engineer","Presage Insights","Noida, Ghaziabad","2025-07-09T01:00:19Z","Engineering Jobs","https://www.adzuna.in/details/5292537864?utm_medium=api&utm_source=c8890522","28.56579","77.3225"
"PCB Design Engineer","Excellence and Eminence LLP","Bangalore, Karnataka","2025-06-06T20:42:28Z","Engineering Jobs","https://www.adzuna.in/details/5236360493?utm_medium=api&utm_source=c8890522","12.9767936","77.5900820"
"PCB Design Engineer","ATLANTA SYSTEMS PVT LTD","Sansad Marg, New Delhi","2025-06-26T03:26:05Z","Engineering Jobs","https://www.adzuna.in/details/5268384014?utm_medium=api&utm_source=c8890522","28.62623","77.21808"
"PCB Design Engineer","AadhyaRaj Technologies","India","2025-05-23T18:40:22Z","Engineering Jobs","https://www.adzuna.in/details/5212355253?utm_medium=api&utm_source=c8890522","22.3511148","78.6677428"
"Design Engineer II- Electrical","Weatherford","Mumbai, Maharashtra","2025-06-28T23:47:18Z","Engineering Jobs","https://www.adzuna.in/land/ad/5273767464?se=4nAwvoVk8BG0GtBv1vGMnA&utm_medium=api&utm_source=c8890522&v=62B24358359944D2956A3B480231F733250C6D58","19.00821","72.84415"
"Jr.PCB Design Engineer","Jupiter Business Services Pvt. Ltd","Pune, Maharashtra","2025-06-06T20:49:27Z","Engineering Jobs","https://www.adzuna.in/details/5236373824?utm_medium=api&utm_source=c8890522","18.5062","73.84735"
"Lead PCB Design Engineer","Emerson","Pune, Maharashtra","2025-06-21T03:20:48Z","Engineering Jobs","https://www.adzuna.in/details/5260741979?utm_medium=api&utm_source=c8890522","18.5062","73.84735"
"Senior Engineer - Hardware","Eaton Corporation","Hadapsar, Pune","2025-07-03T01:45:06Z","Engineering Jobs","https://www.adzuna.in/land/ad/5280444166?se=4nAwvoVk8BG0GtBv1vGMnA&utm_medium=api&utm_source=c8890522&v=DFD419D2C084138F1C56EF035BB68691E3A9EBC2","18.5219","73.95314"
"Associate Engineer","Eaton Corporation","Hadapsar, Pune","2025-06-19T23:45:24Z","Engineering Jobs","https://www.adzuna.in/land/ad/5258445152?se=4nAwvoVk8BG0GtBv1vGMnA&utm_medium=api&utm_source=c8890522&v=03D0EE87327C383F8ED987100B350430D8787016","18.5219","73.95314"
"STAFF R&D/PRODUCT DVL ENGINEER","TE Connectivity","Bangalore, Karnataka","2025-05-09T23:14:45Z","Engineering Jobs","https://www.adzuna.in/land/ad/5190809363?se=4nAwvoVk8BG0GtBv1vGMnA&utm_medium=api&utm_source=c8890522&v=687158C35D13CE1F5CDFB2320A286B91AA7BE0A5","12.95703","77.59837"
"Senior Hardware Engineer","Stryker","India","2025-04-22T23:53:48Z","Engineering Jobs","https://www.adzuna.in/land/ad/5156669390?se=4nAwvoVk8BG0GtBv1vGMnA&utm_medium=api&utm_source=c8890522&v=D375A861D16698BF8BC60F1DE093E0EBE564D109","22.3511148","78.6677428"
"PMIC Applications Engineer, Senior","Qualcomm","Bangalore, Karnataka","2025-07-11T04:06:21Z","Engineering Jobs","https://www.adzuna.in/land/ad/5296920119?se=4nAwvoVk8BG0GtBv1vGMnA&utm_medium=api&utm_source=c8890522&v=67DFCF4D7E4C5F648624A2BACC91A8E9B675A4A4","12.95703","77.59837"
"SR. PCB Design Layout Engineer","Nilasu Consulting Services Pvt Ltd","Bangalore, Karnataka","2025-06-06T20:45:46Z","Engineering Jobs","https://www.adzuna.in/details/5236367961?utm_medium=api&utm_source=c8890522","12.95703","77.59837"
"enABLE-Empowering people with disability","Eaton Corporation","Pune, Maharashtra","2025-07-16T10:38:20Z","Engineering Jobs","https://www.adzuna.in/land/ad/5305889580?se=4nAwvoVk8BG0GtBv1vGMnA&utm_medium=api&utm_source=c8890522&v=B986232A0229BA31F0BB8085C6A67E5C3B92C6ED","18.5062","73.84735"
"PCB Design Engineer Cloud Platforms","Google India Pvt Ltd","India","2025-05-19T20:04:24Z","IT Jobs","https://www.adzuna.in/details/5206143564?utm_medium=api&utm_source=c8890522","22.3511148","78.6677428"
"B.Tech Summer Internship : Electric Power","GE Aerospace","Bangalore, Karnataka","2025-07-17T10:37:50Z","Engineering Jobs","https://www.adzuna.in/land/ad/5307821707?se=4nAwvoVk8BG0GtBv1vGMnA&utm_medium=api&utm_source=c8890522&v=404E2339F2E29D218642211DDC5CCF285FAAE979","12.9767936","77.5900820"
"Lead Engineer – PCB Design and Electronics Hardware","GE Vernova","Chennai, Tamil Nadu","2025-04-26T01:56:37Z","Engineering Jobs","https://www.adzuna.in/details/5163038456?utm_medium=api&utm_source=c8890522","13.06041","80.24963"
"CAD PCB Design Engineer Pixel Phones","Google India Pvt Ltd","India","2025-05-14T20:01:20Z","Engineering Jobs","https://www.adzuna.in/details/5198198482?utm_medium=api&utm_source=c8890522","22.3511148","78.6677428"
"ECAD Engineer","Danfoss","India","2025-07-18T11:44:00Z","Engineering Jobs","https://www.adzuna.in/land/ad/5309606885?se=4nAwvoVk8BG0GtBv1vGMnA&utm_medium=api&utm_source=c8890522&v=13B1434B9C9BD714CB2BC9E32D98965FE292A6E5","22.3511148","78.6677428"
"AI Enabled Devops Engineer","IBM","Bangalore, Karnataka","2025-06-05T23:41:01Z","Engineering Jobs","https://www.adzuna.in/land/ad/5234851080?se=4nAwvoVk8BG0GtBv1vGMnA&utm_medium=api&utm_source=c8890522&v=BB69071BB91CCE22633C8F3A067D168D045DFC7B","12.95703","77.59837"
"Hardware Design Engineer -Lead","Arrow Electronics","Ahmedabad, Gujarat","2025-02-08T06:27:53Z","Engineering Jobs","https://www.adzuna.in/land/ad/5042083407?se=4nAwvoVk8BG0GtBv1vGMnA&utm_medium=api&utm_source=c8890522&v=265A68AC78EF43B2D3F9945F25417F1F7D448704","23.042","72.59465"
"Principal Software Engineer","Cadence Design Systems, Inc.","Noida, Ghaziabad","2025-04-17T23:02:41Z","Engineering Jobs","https://www.adzuna.in/land/ad/5149970297?se=4nAwvoVk8BG0GtBv1vGMnA&utm_medium=api&utm_source=c8890522&v=B4E6CB981961B8127481E520DC3AA140922B8BDA","28.56579","77.3225"
"Senior AI Hardware Engineer - PCB Design Specialist","Omnidya Tech","Ahmedabad, Gujarat","2025-07-07T09:14:31Z","IT Jobs","https://www.adzuna.in/details/5289686588?utm_medium=api&utm_source=c8890522","23.042","72.59465"
"PCB Layout Designer.","Systel Inc","Trombay, Mumbai","2025-05-09T18:12:17Z","Engineering Jobs","https://www.adzuna.in/details/5190355390?utm_medium=api&utm_source=c8890522","19.0695","72.99746"
"PCB Layout Designer.","Systel","Navi Mumbai, Maharashtra","2025-03-03T17:14:43Z","Engineering Jobs","https://www.adzuna.in/details/5071851353?utm_medium=api&utm_source=c8890522","19.02","73.02"
"PCB/FPC Designer","ENNOVI","Bangalore, Karnataka","2025-06-21T08:50:36Z","Engineering Jobs","https://www.adzuna.in/details/5260940324?utm_medium=api&utm_source=c8890522","12.9767936","77.5900820"
"Electrical Engineer","Applied Materials","Bangalore, Karnataka","2025-02-12T06:10:09Z","Engineering Jobs","https://www.adzuna.in/land/ad/5046652602?se=4nAwvoVk8BG0GtBv1vGMnA&utm_medium=api&utm_source=c8890522&v=AA10098984C719610DDCE1A9C369348944CD41D5","12.95703","77.59837"
"Electrical Design Engineer - Compliance/Certification","Emerson","Pune, Maharashtra","2025-06-19T23:45:31Z","Engineering Jobs","https://www.adzuna.in/land/ad/5258446145?se=4nAwvoVk8BG0GtBv1vGMnA&utm_medium=api&utm_source=c8890522&v=A50FA04058B04DC7FDAABBC1AA6D8C82FAE7FE4F","18.5062","73.84735"
"Sr Signal Integrity Engineer","TE Connectivity","Bangalore, Karnataka","2025-03-21T23:08:47Z","Engineering Jobs","https://www.adzuna.in/land/ad/5104976794?se=niOxyYVk8BGhwN6tA21z6g&utm_medium=api&utm_source=c8890522&v=470768C8BF89A8713C27641ECF2C1E78C8CCD40B","12.95703","77.59837"
"Thermals and Power Architect (12 to 16 years)- Bachelor's Electrical/Electronic Engineering or Master's in Thermal/ Power Engineering domains","SanDisk","Bangalore, Karnataka","2025-05-07T23:15:56Z","Engineering Jobs","https://www.adzuna.in/land/ad/5186316856?se=niOxyYVk8BGhwN6tA21z6g&utm_medium=api&utm_source=c8890522&v=A49B937E6283842590B27DEDDC1F9133B9AFDB7F","12.9767936","77.5900820"
"Senior Engineer - Hardware","Allegion","Bangalore, Karnataka","2025-02-12T22:32:13Z","Engineering Jobs","https://www.adzuna.in/land/ad/5047415376?se=niOxyYVk8BGhwN6tA21z6g&utm_medium=api&utm_source=c8890522&v=C7419A5FFF8615B839B87FE9D04CA92B4D4BFAD0","12.95703","77.59837"
"PCB Layout Design Engineer","Magna International, Inc","India","2025-07-17T06:17:10Z","Engineering Jobs","https://www.adzuna.in/details/5307542108?utm_medium=api&utm_source=c8890522","22.3511148","78.6677428"
"MGR II R&D/PRODUCT DVL ENGINEERING - SIGNAL INTEGRITY","TE Connectivity","Bangalore, Karnataka","2025-02-06T06:31:29Z","Engineering Jobs","https://www.adzuna.in/land/ad/5039189874?se=niOxyYVk8BGhwN6tA21z6g&utm_medium=api&utm_source=c8890522&v=30FC44E61A46E41E88FCA8EDE9ABC33081F0E8E0","12.95703","77.59837"
"Staff Engineer – Electrical Component-Power Electronics, ANSYS, MATLAB, PCB design","Her second innings","Bangalore, Karnataka","2025-06-06T20:49:09Z","Engineering Jobs","https://www.adzuna.in/details/5236372643?utm_medium=api&utm_source=c8890522","12.95703","77.59837"
"Manager, Engineering","Danfoss","Pune, Maharashtra","2025-06-28T23:44:11Z","Engineering Jobs","https://www.adzuna.in/land/ad/5273722684?se=niOxyYVk8BGhwN6tA21z6g&utm_medium=api&utm_source=c8890522&v=30DBE274DEB86FF10056D578FFAE8E960F5309A0","18.5062","73.84735"
"Staff Field Applications Engineer (FAE)","Renesas","Bangalore, Karnataka","2025-05-10T23:13:34Z","Engineering Jobs","https://www.adzuna.in/land/ad/5192462010?se=niOxyYVk8BGhwN6tA21z6g&utm_medium=api&utm_source=c8890522&v=92BFDF0A1DB4FD2B920FE7B3325F0E24FC087BA3","12.9767936","77.5900820"
"Principal Engineer/Sr Staff Engineer - Probe card and boards design Lead","Renesas","Hyderabad, Telangana","2025-07-12T10:46:12Z","Engineering Jobs","https://www.adzuna.in/land/ad/5299205428?se=niOxyYVk8BGhwN6tA21z6g&utm_medium=api&utm_source=c8890522&v=D15B5FA45B637A5517908DF7361AFDB75E8A154A","17.40275","78.50806"
"Lead PCB Validation Engineer","TE Connectivity","Bangalore, Karnataka","2025-07-16T10:40:18Z","Engineering Jobs","https://www.adzuna.in/land/ad/5305892943?se=niOxyYVk8BGhwN6tA21z6g&utm_medium=api&utm_source=c8890522&v=E9A36F88554CCB51B46C6CBDC0E3A14B2BDB7C8A","12.95703","77.59837"
"Sr.Engineer - PCB Layout Design","HELLA & Co. KGaA.","India","2025-02-18T17:07:13Z","Engineering Jobs","https://www.adzuna.in/details/5054817344?utm_medium=api&utm_source=c8890522","22.3511148","78.6677428"
"Chipset Systems Architect","Qualcomm","Bangalore, Karnataka","2025-02-05T06:21:34Z","Engineering Jobs","https://www.adzuna.in/land/ad/5037891096?se=niOxyYVk8BGhwN6tA21z6g&utm_medium=api&utm_source=c8890522&v=9720B0B8948828CFF0A3679ECF20AB3EA1AE9205","12.95703","77.59837"
"PCB SIM MGR II R&D/PRODUCT DVL ENGINEERING","TE Connectivity","Bangalore, Karnataka","2025-05-06T23:12:59Z","Engineering Jobs","https://www.adzuna.in/land/ad/5183410955?se=niOxyYVk8BGhwN6tA21z6g&utm_medium=api&utm_source=c8890522&v=290E9FE517CA1F59972FF0DA81F98B9C3E90168A","12.95703","77.59837"
"Systems Verification Engineer","Fortive Corporation","India","2025-05-10T23:12:08Z","Engineering Jobs","https://www.adzuna.in/land/ad/5192442251?se=niOxyYVk8BGhwN6tA21z6g&utm_medium=api&utm_source=c8890522&v=DAF8C39E9B4C9241EB88C82E28A8846B47FBA5B4","22.3511148","78.6677428"
"PRINCIPAL R&D/PRODUCT DVL ENGINEER","TE Connectivity","Bangalore, Karnataka","2025-03-19T23:13:20Z","Engineering Jobs","https://www.adzuna.in/land/ad/5101421141?se=niOxyYVk8BGhwN6tA21z6g&utm_medium=api&utm_source=c8890522&v=58CA5CC80EAAD9FEF01CF442836792A8850C1DD4","12.95703","77.59837"
"Principal Engineer (Hybrid)","RTX Corporation","Bangalore, Karnataka","2025-07-10T04:15:29Z","Engineering Jobs","https://www.adzuna.in/land/ad/5294882499?se=niOxyYVk8BGhwN6tA21z6g&utm_medium=api&utm_source=c8890522&v=AA82D2FA2B9CA5847842AC08952E6A4E6BBC8060","12.95703","77.59837"
"Principal Validation Engineer","Renesas","Bangalore, Karnataka","2025-06-20T23:45:14Z","Engineering Jobs","https://www.adzuna.in/land/ad/5260288900?se=niOxyYVk8BGhwN6tA21z6g&utm_medium=api&utm_source=c8890522&v=8EEE0E0732413A9A847AE0AB3A30A25592402AEC","12.9767936","77.5900820"
"Lead Engineer - PCB","Simple Energy Private Limited","Bangalore, Karnataka","2025-06-06T20:52:15Z","Engineering Jobs","https://www.adzuna.in/details/5236379143?utm_medium=api&utm_source=c8890522","12.95703","77.59837"
"Senior PCB Engineer","Maxwell Energy System Pvt Ltd","India","2025-04-01T13:37:50Z","Engineering Jobs","https://www.adzuna.in/details/5121031490?utm_medium=api&utm_source=c8890522","22.3511148","78.6677428"
"Designer","HCL Technologies","Bangalore, Karnataka","2025-07-06T21:04:39Z","Engineering Jobs","https://www.adzuna.in/details/5289156885?utm_medium=api&utm_source=c8890522","12.95703","77.59837"
"Lead Designer","HCL Technologies","Bangalore, Karnataka","2025-07-06T20:52:05Z","Engineering Jobs","https://www.adzuna.in/details/5289140499?utm_medium=api&utm_source=c8890522","12.95703","77.59837"
"Senior Lead","HCL Technologies","Bangalore, Karnataka","2025-07-06T20:58:23Z","Engineering Jobs","https://www.adzuna.in/details/5289151399?utm_medium=api&utm_source=c8890522","12.95703","77.59837"
"Senior Technical Architect","HCL Technologies","Bangalore, Karnataka","2025-07-06T20:57:40Z","Engineering Jobs","https://www.adzuna.in/details/5289150640?utm_medium=api&utm_source=c8890522","12.95703","77.59837"
"Senior Designer","HCL Technologies","Bangalore, Karnataka","2025-07-06T21:00:45Z","Engineering Jobs","https://www.adzuna.in/details/5289154409?utm_medium=api&utm_source=c8890522","12.95703","77.59837"
"Senior Designer","HCL Technologies","Bangalore, Karnataka","2025-07-06T21:03:08Z","Engineering Jobs","https://www.adzuna.in/details/5289156013?utm_medium=api&utm_source=c8890522","12.95703","77.59837"
"Sr. Electronic Engineer.","SmartLevo Innovation","India","2025-06-06T20:46:16Z","Engineering Jobs","https://www.adzuna.in/details/5236370688?utm_medium=api&utm_source=c8890522","22.3511148","78.6677428"
"Senior Designer","HCL Technologies","Bangalore, Karnataka","2025-07-06T20:57:21Z","Engineering Jobs","https://www.adzuna.in/details/5289150311?utm_medium=api&utm_source=c8890522","12.95703","77.59837"
"Printed Circuit Board Design Engineer","Azista BST Aerospace","Ahmedabad, Gujarat","2025-07-07T09:12:54Z","Engineering Jobs","https://www.adzuna.in/details/5289682856?utm_medium=api&utm_source=c8890522","23.042","72.59465"
"Senior Designer","HCL Technologies","Chennai, Tamil Nadu","2025-07-06T21:06:42Z","Creative & Design Jobs","https://www.adzuna.in/details/5289157848?utm_medium=api&utm_source=c8890522","13.06041","80.24963"
"Senior Designer II","HCL Technologies","Bangalore, Karnataka","2025-07-06T20:59:45Z","Creative & Design Jobs","https://www.adzuna.in/details/5289152862?utm_medium=api&utm_source=c8890522","12.95703","77.59837"
"Designer","HCL Technologies","Chennai, Tamil Nadu","2025-07-06T21:03:58Z","Creative & Design Jobs","https://www.adzuna.in/details/5289156464?utm_medium=api&utm_source=c8890522","13.06041","80.24963"
"Embedded Engineer","7Semi","Navi Mumbai, Maharashtra","2025-07-14T09:35:21Z","Engineering Jobs","https://www.adzuna.in/details/5301587707?utm_medium=api&utm_source=c8890522","19.02","73.02"
"PCB ECAD Library Manager","HCLTech","India","2025-07-14T06:39:10Z","IT Jobs","https://www.adzuna.in/details/5301489466?utm_medium=api&utm_source=c8890522","22.3511148","78.6677428"
"Engineering Change (EC) Engineer - Electrical","Applied Materials","Bangalore, Karnataka","2025-06-27T23:42:09Z","Engineering Jobs","https://www.adzuna.in/land/ad/5271846082?se=niOxyYVk8BGhwN6tA21z6g&utm_medium=api&utm_source=c8890522&v=30F3245DE4092EF1FD16CF6322DCA0DD78DFBD3E","12.95703","77.59837"
"PCB Layout Engineer - DCS","Schneider Electric","India","2025-07-12T02:29:41Z","Engineering Jobs","https://www.adzuna.in/details/5298580294?utm_medium=api&utm_source=c8890522","22.3511148","78.6677428"
"PCB Layout - Mistral Solutions- Bangalore","Talent Software","Bangalore, Karnataka","2025-06-06T18:42:46Z","IT Jobs","https://www.adzuna.in/details/5236258460?utm_medium=api&utm_source=c8890522","12.9767936","77.5900820"
"R & D in Electronics Engineer","Achievers Enterprise","Ahmedabad, Gujarat","2025-06-06T20:42:54Z","Engineering Jobs","https://www.adzuna.in/details/5236363595?utm_medium=api&utm_source=c8890522","23.042","72.59465"
"Senior Hardware Engineer","Selligence Solutions","Bangalore, Karnataka","2025-06-06T20:52:02Z","Engineering Jobs","https://www.adzuna.in/details/5236378632?utm_medium=api&utm_source=c8890522","12.95703","77.59837"
"Electronics Product Development Engineer (Robotics & Educational Toys)","LearningBIX","Jaipur, Rajasthan","2025-07-14T09:35:23Z","Engineering Jobs","https://www.adzuna.in/details/5301588006?utm_medium=api&utm_source=c8890522","26.7441","75.9469"
"IoT Embedded Engineer","Stackfusion Private Limited","Pune, Maharashtra","2025-06-06T20:45:48Z","Engineering Jobs","https://www.adzuna.in/details/5236368203?utm_medium=api&utm_source=c8890522","18.5062","73.84735"
"Printed Circuit Board Designer","Multispan Control Instruments Pvt Ltd","Ahmedabad, Gujarat","2025-07-14T09:35:27Z","Engineering Jobs","https://www.adzuna.in/details/5301588804?utm_medium=api&utm_source=c8890522","23.042","72.59465"
"Electronic System Design and Manufacturing Trainer","Elios Management Consulting Pvt. Ltd.","Delhi, India","2025-01-08T01:45:39Z","Engineering Jobs","https://www.adzuna.in/details/5001198982?utm_medium=api&utm_source=c8890522","28.62523","77.224601"
"Electronic System Design and Manufacturing Trainer","Elios Management Consulting","Delhi, India","2025-07-03T20:40:31Z","Engineering Jobs","https://www.adzuna.in/details/5281929221?utm_medium=api&utm_source=c8890522","28.62523","77.224601"
"Electronic System Design and Manufacturing Trainer","Elios Management Consulting Pvt. Ltd.","Delhi, India","2025-07-06T21:41:23Z","Engineering Jobs","https://www.adzuna.in/details/5289170505?utm_medium=api&utm_source=c8890522","28.62523","77.224601"
"Robotics Intern - Embedded Controls","10x","India","2025-07-18T19:47:41Z","Engineering Jobs","https://www.adzuna.in/details/5309896780?utm_medium=api&utm_source=c8890522","22.3511148","78.6677428"
"Automotive embedded hardware designer","Vimerse Infotech inc","Bangalore, Karnataka","2025-06-06T20:45:47Z","Engineering Jobs","https://www.adzuna.in/details/5236368156?utm_medium=api&utm_source=c8890522","12.9767936","77.5900820"
"Hardware Designer","Akkodis","Bangalore, Karnataka","2025-07-14T09:35:22Z","Engineering Jobs","https://www.adzuna.in/details/5301587988?utm_medium=api&utm_source=c8890522","12.9767936","77.5900820"
"Embedded Design Engineer","Jupiter Business Services Pvt. Ltd","Pune, Maharashtra","2025-06-06T20:46:07Z","IT Jobs","https://www.adzuna.in/details/5236369858?utm_medium=api&utm_source=c8890522","18.5062","73.84735"
"Printed Circuit Board Designer","HCLTech","Bangalore, Karnataka","2025-06-18T08:46:14Z","Engineering Jobs","https://www.adzuna.in/details/5255667633?utm_medium=api&utm_source=c8890522","12.9767936","77.5900820"
"Validation/Characterization Engineer","Texas Instruments","Bangalore, Karnataka","2025-07-04T02:21:05Z","Engineering Jobs","https://www.adzuna.in/land/ad/5282462751?se=Cozi0oVk8BG0GtBv1vGMnA&utm_medium=api&utm_source=c8890522&v=B76586F5F4EB48DE16AA388E59E55727D5F996F7","12.9767936","77.5900820"
"Validation Engineer","Texas Instruments","Bangalore, Karnataka","2025-07-12T10:47:06Z","Engineering Jobs","https://www.adzuna.in/land/ad/5299206446?se=Cozi0oVk8BG0GtBv1vGMnA&utm_medium=api&utm_source=c8890522&v=137A9D807D0AC010627BC65717E16BEDD8167DDF","12.9767936","77.5900820"
"Principal Engineer, Analog Design","SanDisk","Bangalore, Karnataka","2025-07-18T11:45:34Z","Engineering Jobs","https://www.adzuna.in/land/ad/5309607795?se=Cozi0oVk8BG0GtBv1vGMnA&utm_medium=api&utm_source=c8890522&v=382C951A7E7902E40A5783979763A3658B82B15D","12.9767936","77.5900820"
"Lead Hardware Design Engineer","Emerson","Pune, Maharashtra","2025-06-19T23:45:31Z","Engineering Jobs","https://www.adzuna.in/land/ad/5258446161?se=Cozi0oVk8BG0GtBv1vGMnA&utm_medium=api&utm_source=c8890522&v=EAD93130D13012B39E4C74D6243D4CBB38E6BBDA","18.5062","73.84735"
"Staff Engineer - SSD Hardware","Micron","Bangalore, Karnataka","2025-05-01T01:46:22Z","Engineering Jobs","https://www.adzuna.in/details/5171381643?utm_medium=api&utm_source=c8890522","12.9767936","77.5900820"
"Robotics Embedded Systems Engineer","10x","India","2025-07-18T19:47:41Z","Engineering Jobs","https://www.adzuna.in/details/5309896797?utm_medium=api&utm_source=c8890522","22.3511148","78.6677428"
"Validation Engineer","Texas Instruments","Bangalore, Karnataka","2025-07-13T10:39:28Z","Engineering Jobs","https://www.adzuna.in/land/ad/5300569413?se=Cozi0oVk8BG0GtBv1vGMnA&utm_medium=api&utm_source=c8890522&v=3F6DE54A2D4BE3E23F2486FD583E1DD8D5A0869F","12.9767936","77.5900820"
"Senior Hardware Design Engineer","Tonbo Imaging","Bangalore, Karnataka","2025-07-14T09:36:40Z","Engineering Jobs","https://www.adzuna.in/details/5301594345?utm_medium=api&utm_source=c8890522","12.9767936","77.5900820"
"Hardware Design Engineer","Nexstem","Bangalore, Karnataka","2025-07-12T01:16:07Z","Engineering Jobs","https://www.adzuna.in/details/5298050308?utm_medium=api&utm_source=c8890522","12.95703","77.59837"
"Hardware Design Lead","MWS Research Centre","India","2025-06-30T18:58:04Z","Engineering Jobs","https://www.adzuna.in/details/5275737262?utm_medium=api&utm_source=c8890522","22.3511148","78.6677428"
"Design Engineer II- Electrical","Weatherford","Navi Mumbai, Maharashtra","2025-07-01T20:27:51Z","Engineering Jobs","https://www.adzuna.in/details/5277825471?utm_medium=api&utm_source=c8890522","19.02","73.02"
"Senior ECAD Engineer","Magna International, Inc","Maharashtra, India","2025-07-17T06:17:10Z","Engineering Jobs","https://www.adzuna.in/details/5307542110?utm_medium=api&utm_source=c8890522","19.439563","75.949555"
"Analog SerDes Design Engineer","Applied Intelligence Semiconductors","Bangalore, Karnataka","2025-03-19T17:01:44Z","IT Jobs","https://www.adzuna.in/details/5100873197?utm_medium=api&utm_source=c8890522","12.9767936","77.5900820"
"Embedded Hardware & Firmware Engineer","Laennec AI Limited","Kochi, Ernakulam","2025-07-07T09:13:56Z","Engineering Jobs","https://www.adzuna.in/details/5289685305?utm_medium=api&utm_source=c8890522","9.98011","76.24637"
"Design / Testing Engineer – Electronics or Electrical","KAWEN MANPOWER","Bhashyam Circle, Bangalore","2025-07-16T00:57:12Z","Engineering Jobs","https://www.adzuna.in/details/5304047545?utm_medium=api&utm_source=c8890522","13.0178","77.55175"
"Electronics Design engineer","ShanMukha Innovations","Bangalore, Karnataka","2025-05-14T01:50:40Z","Engineering Jobs","https://www.adzuna.in/details/5197155826?utm_medium=api&utm_source=c8890522","12.95703","77.59837"
"Senior Hardware Designer","Netsach Global","Bangalore, Karnataka","2025-07-01T20:31:43Z","Engineering Jobs","https://www.adzuna.in/details/5277830720?utm_medium=api&utm_source=c8890522","12.95703","77.59837"
"Electronics Engineer","Veer Electronics Pvt. Ltd.","Gandhinagar, Gujarat","2025-07-14T09:36:27Z","Engineering Jobs","https://www.adzuna.in/details/5301593075?utm_medium=api&utm_source=c8890522","23.4896","72.645"
"Jr. RND (Hardware Engineer)","KM Electronic Cables","Ahmedabad, Gujarat","2025-03-10T17:06:52Z","Engineering Jobs","https://www.adzuna.in/details/5084854974?utm_medium=api&utm_source=c8890522","23.042","72.59465"
"Technician – GBS Engineering","Flex","Chennai, Tamil Nadu","2025-06-30T03:15:05Z","Engineering Jobs","https://www.adzuna.in/details/5275193557?utm_medium=api&utm_source=c8890522","13.06041","80.24963"
"Senior Designer","HCL Technologies","Bangalore, Karnataka","2025-07-06T21:01:05Z","Engineering Jobs","https://www.adzuna.in/details/5289154741?utm_medium=api&utm_source=c8890522","12.95703","77.59837"
"Senior Designer","HCL Technologies","Chennai, Tamil Nadu","2025-07-06T20:58:30Z","Engineering Jobs","https://www.adzuna.in/details/5289151520?utm_medium=api&utm_source=c8890522","13.06041","80.24963"
"Lead Validation Engineer","Texas Instruments","Bangalore, Karnataka","2025-07-13T10:39:28Z","Engineering Jobs","https://www.adzuna.in/land/ad/5300569417?se=Cozi0oVk8BG0GtBv1vGMnA&utm_medium=api&utm_source=c8890522&v=8C797D2F3D235CC952C41978746A519E185676F6","12.9767936","77.5900820"
"Technical Supporter Electrical Engineering","Achievers Enterprise","India","2025-06-06T20:45:48Z","Engineering Jobs","https://www.adzuna.in/details/5236368195?utm_medium=api&utm_source=c8890522","22.3511148","78.6677428"
"Electronics Engineer","Wenger & Watson","Pune, Maharashtra","2025-06-21T08:50:51Z","Engineering Jobs","https://www.adzuna.in/details/5260941363?utm_medium=api&utm_source=c8890522","18.5062","73.84735"
"RF Design Engineer","Dorman Products","India","2025-06-18T14:40:16Z","Engineering Jobs","https://www.adzuna.in/details/5256010213?utm_medium=api&utm_source=c8890522","22.3511148","78.6677428"
"Hardware Layout Engineer","Nav Tech Electronics","Hyderabad, Telangana","2025-06-06T20:49:33Z","Engineering Jobs","https://www.adzuna.in/details/5236374691?utm_medium=api&utm_source=c8890522","17.40275","78.50806"
"Principal Technical Expert- Electronics Hardware","Schneider Electric","India","2025-07-07T21:16:36Z","Engineering Jobs","https://www.adzuna.in/details/5290357155?utm_medium=api&utm_source=c8890522","22.3511148","78.6677428"
"Senior Embedded Hardware Engineer","Evoke HR Solutions Pvt Ltd","Ahmedabad, Gujarat","2025-07-15T00:37:55Z","IT Jobs","https://www.adzuna.in/details/5302282792?utm_medium=api&utm_source=c8890522","23.042","72.59465"
"Hardware Test Engineer","capital engineerings","India","2025-06-06T20:49:16Z","Engineering Jobs","https://www.adzuna.in/details/5236373022?utm_medium=api&utm_source=c8890522","22.3511148","78.6677428"
"Hardware Engineer End of Line","Maxwell Energy System Pvt Ltd","India","2025-06-26T17:17:39Z","Engineering Jobs","https://www.adzuna.in/details/5269381340?utm_medium=api&utm_source=c8890522","22.3511148","78.6677428"
"Printed Circuit Board Design Engineer","Confidential Company","Bangalore, Karnataka","2025-06-25T10:04:52Z","Engineering Jobs","https://www.adzuna.in/details/5266676764?utm_medium=api&utm_source=c8890522","12.9767936","77.5900820"
"Electronics Design Engineer 2","Peppermint Robotics","Pune, Maharashtra","2025-06-06T20:52:07Z","Engineering Jobs","https://www.adzuna.in/details/5236378764?utm_medium=api&utm_source=c8890522","18.5062","73.84735"
"Embedded C","Debtors Watch LLP","Pune, Maharashtra","2025-03-09T17:15:10Z","Engineering Jobs","https://www.adzuna.in/details/5083882455?utm_medium=api&utm_source=c8890522","18.5062","73.84735"